Loan_ID,Loan_Status,Male_IO,Married_IO,Dependents,FamilySize,Education_IO,FamilyIncome,DualIncome_IO,PA_Urban,PA_Rural,PA_Semiurban,IncomePerMember,LoanTermGroups,Loan_Amount_Term,LoanAmountLog,LTG_<15,LTG_15,LTG_1530,LTG_30,LTG_>30,LoanAmount,Debt_Equity,Debt_Equity_Annual,Self_Employed_IO,Credit_History
LP001002,1,1,0,0,1,1,5849.0,0,1,0,0,5849.0,30,360.0,4.934725507644021,0,0,0,1,0,139.0349732563583,23.770725466978686,0.7923575155659561,0,1.0
LP001003,0,1,1,1,3,1,6091.0,1,0,1,0,2030.3333333333333,30,360.0,4.852030263919617,0,0,0,1,0,127.99999999999997,21.014611722213097,0.7004870574071033,0,1.0
LP001005,1,1,1,0,2,1,3000.0,0,1,0,0,1500.0,30,360.0,4.189654742026425,0,0,0,1,0,65.99999999999997,21.99999999999999,0.7333333333333331,1,1.0
LP001006,1,1,1,0,2,0,4941.0,1,1,0,0,2470.5,30,360.0,4.787491742782046,0,0,0,1,0,119.99999999999997,24.286581663630837,0.8095527221210279,0,1.0
LP001008,1,1,0,0,1,1,6000.0,0,1,0,0,6000.0,30,360.0,4.948759890378168,0,0,0,1,0,141.00000000000003,23.500000000000004,0.7833333333333334,0,1.0
LP001011,1,1,1,2,4,1,9613.0,1,1,0,0,2403.25,30,360.0,5.58724865840025,0,0,0,1,0,267.00000000000006,27.774888172266728,0.9258296057422243,1,1.0
LP001013,1,1,1,0,2,0,3849.0,1,1,0,0,1924.5,30,360.0,4.553876891600541,0,0,0,1,0,95.0,24.68173551571837,0.8227245171906123,0,1.0
LP001014,0,1,1,3,5,1,5540.0,1,0,0,1,1108.0,30,360.0,5.062595033026967,0,0,0,1,0,158.00000000000003,28.519855595667874,0.9506618531889293,0,0.0
LP001018,1,1,1,2,4,1,5532.0,1,1,0,0,1383.0,30,360.0,5.123963979403259,0,0,0,1,0,167.99999999999997,30.368763557483724,1.012292118582791,0,1.0
LP001020,0,1,1,1,3,1,23809.0,1,0,0,1,7936.333333333333,30,360.0,5.855071922202427,0,0,0,1,0,348.99999999999994,14.658322483094626,0.48861074943648747,0,1.0
LP001024,1,1,1,2,4,1,3900.0,1,1,0,0,975.0,30,360.0,4.248495242049359,0,0,0,1,0,70.00000000000003,17.948717948717956,0.5982905982905985,0,1.0
LP001027,1,1,1,2,4,1,4340.0,1,1,0,0,1085.0,30,360.0,4.6913478822291435,0,0,0,1,0,108.99999999999997,25.115207373271883,0.8371735791090628,0,1.0
LP001028,1,1,1,2,4,1,11179.0,1,1,0,0,2794.75,30,360.0,5.298317366548036,0,0,0,1,0,199.99999999999991,17.89068789694963,0.5963562632316544,0,1.0
LP001029,0,1,0,0,1,1,4693.0,0,0,1,0,4693.0,30,360.0,4.736198448394496,0,0,0,1,0,114.00000000000003,24.29149797570851,0.8097165991902836,0,1.0
LP001030,1,1,1,2,4,1,2385.0,1,1,0,0,596.25,<15,90.0,2.833213344056216,1,0,0,0,0,17.0,7.127882599580713,0.9503843466107617,0,1.0
LP001032,1,1,0,0,1,1,4950.0,0,1,0,0,4950.0,30,360.0,4.8283137373023015,0,0,0,1,0,125.00000000000004,25.25252525252526,0.841750841750842,0,1.0
LP001034,1,1,0,1,2,0,3596.0,0,1,0,0,1798.0,"(15, 30)",270.0,4.605170185988092,0,0,1,0,0,100.00000000000004,27.808676307007797,1.2359411692003468,0,1.0
LP001036,0,0,0,0,1,1,3510.0,0,1,0,0,3510.0,30,360.0,4.330733340286331,0,0,0,1,0,76.0,21.65242165242165,0.7217473884140552,0,0.0
LP001038,0,1,1,0,2,0,4887.0,0,0,1,0,2443.5,30,360.0,4.890349128221754,0,0,0,1,0,133.0,27.215060364231636,0.9071686788077213,0,1.0
LP001041,1,1,1,0,2,1,6100.0,1,1,0,0,3050.0,30,360.0,4.74493212836325,0,0,0,1,0,115.00000000000001,18.852459016393446,0.6284153005464481,0,1.0
LP001043,0,1,1,0,2,0,7660.0,0,1,0,0,3830.0,30,360.0,4.6443908991413725,0,0,0,1,0,103.99999999999999,13.577023498694516,0.45256744995648385,0,0.0
LP001046,1,1,1,1,3,1,11580.0,1,1,0,0,3860.0,30,360.0,5.752572638825633,0,0,0,1,0,315.0,27.202072538860104,0.9067357512953368,0,1.0
LP001047,0,1,1,0,2,0,4511.0,1,0,0,1,2255.5,30,360.0,4.7535901911063645,0,0,0,1,0,115.99999999999999,25.714919086677007,0.8571639695559002,0,0.0
LP001050,0,1,1,2,4,0,5282.0,1,0,1,0,1320.5,30,360.0,4.718498871295094,0,0,0,1,0,111.99999999999996,21.204089360090865,0.7068029786696955,0,0.0
LP001052,0,1,1,1,3,1,6642.0,1,0,0,1,2214.0,30,360.0,5.017279836814924,0,0,0,1,0,151.0,22.73411623005119,0.7578038743350397,0,1.0
LP001066,1,1,1,0,2,1,9560.0,0,0,0,1,4780.0,30,360.0,5.25227342804663,0,0,0,1,0,191.0,19.97907949790795,0.6659693165969316,1,1.0
LP001068,1,1,1,0,2,1,5052.0,1,0,0,1,2526.0,30,360.0,4.804021044733257,0,0,0,1,0,122.00000000000003,24.148851939825818,0.8049617313275272,0,1.0
LP001073,1,1,1,2,4,0,5266.0,1,1,0,0,1316.5,30,360.0,4.700480365792417,0,0,0,1,0,110.00000000000004,20.888720091150788,0.6962906697050262,0,1.0
LP001086,0,1,0,0,1,0,1442.0,0,1,0,0,1442.0,30,360.0,3.5553480614894135,0,0,0,1,0,34.99999999999999,24.27184466019417,0.8090614886731391,0,1.0
LP001087,1,0,0,2,3,1,5833.0,0,0,0,1,1944.3333333333333,30,360.0,4.787491742782046,0,0,0,1,0,119.99999999999997,20.572604148808498,0.68575347162695,0,1.0
LP001091,0,1,1,1,3,1,7535.0,1,1,0,0,2511.6666666666665,30,360.0,5.303304908059076,0,0,0,1,0,201.0,26.675514266755144,0.8891838088918381,0,1.0
LP001095,0,1,0,0,1,1,3167.0,0,1,0,0,3167.0,30,360.0,4.30406509320417,0,0,0,1,0,74.00000000000003,23.365961477739194,0.7788653825913064,0,1.0
LP001097,0,1,0,1,2,1,4692.0,0,0,1,0,2346.0,30,360.0,4.663439094112067,0,0,0,1,0,105.99999999999997,22.591645353793684,0.7530548451264562,1,1.0
LP001098,1,1,1,0,2,1,5167.0,1,0,0,1,2583.5,30,360.0,4.736198448394496,0,0,0,1,0,114.00000000000003,22.06309270369654,0.7354364234565514,0,1.0
LP001100,0,1,0,3,4,1,15500.0,0,0,1,0,3875.0,30,360.0,5.768320995793772,0,0,0,1,0,319.99999999999994,20.645161290322577,0.6881720430107525,0,1.0
LP001106,1,1,1,0,2,1,4342.0,1,1,0,0,2171.0,30,360.0,4.696901546515594,0,0,0,1,0,109.60703347705775,25.243443914568807,0.8414481304856269,0,1.0
LP001109,0,1,1,0,2,1,3158.0,1,1,0,0,1579.0,30,360.0,4.605170185988092,0,0,0,1,0,100.00000000000004,31.665611146295138,1.0555203715431714,0,0.0
LP001112,1,0,1,0,2,1,5126.0,1,0,0,1,2563.0,30,360.0,4.969813299576001,0,0,0,1,0,144.0,28.092079594225517,0.9364026531408506,0,1.0
LP001114,1,1,0,0,1,1,11376.0,0,1,0,0,11376.0,30,360.0,5.214935757608986,0,0,0,1,0,184.00000000000006,16.174402250351623,0.5391467416783874,0,1.0
LP001116,1,1,0,0,1,0,5416.0,0,0,0,1,5416.0,30,360.0,4.700480365792417,0,0,0,1,0,110.00000000000004,20.310192023633686,0.6770064007877895,0,1.0
LP001119,0,1,0,0,1,1,3600.0,0,1,0,0,3600.0,30,360.0,4.382026634673881,0,0,0,1,0,79.99999999999997,22.222222222222214,0.7407407407407405,0,1.0
LP001120,1,1,0,0,1,1,3013.0,0,1,0,0,3013.0,30,360.0,3.8501476017100584,0,0,0,1,0,46.99999999999999,15.599070693660801,0.5199690231220268,0,1.0
LP001123,1,1,1,0,2,1,2400.0,0,1,0,0,1200.0,30,360.0,4.31748811353631,0,0,0,1,0,74.99999999999997,31.24999999999999,1.0416666666666663,0,1.0
LP001131,1,1,1,0,2,1,6277.0,1,0,0,1,3138.5,30,360.0,4.897839799950911,0,0,0,1,0,133.99999999999997,21.34777760076469,0.7115925866921563,0,1.0
LP001136,1,1,1,0,2,0,4695.0,0,1,0,0,2347.5,30,360.0,4.564348191467836,0,0,0,1,0,95.99999999999999,20.44728434504792,0.6815761448349307,1,1.0
LP001137,1,0,0,0,1,1,3410.0,0,1,0,0,3410.0,30,360.0,4.477336814478207,0,0,0,1,0,88.00000000000003,25.806451612903235,0.860215053763441,0,1.0
LP001138,1,1,1,1,3,1,5649.0,0,1,0,0,1883.0,30,360.0,3.784189633918261,0,0,0,1,0,43.99999999999999,7.788989201628605,0.2596329733876202,0,1.0
LP001144,1,1,1,0,2,1,5821.0,0,1,0,0,2910.5,30,360.0,4.969813299576001,0,0,0,1,0,144.0,24.738017522762412,0.8246005840920804,0,1.0
LP001146,0,0,1,0,2,1,6085.0,1,1,0,0,3042.5,30,360.0,4.787491742782046,0,0,0,1,0,119.99999999999997,19.720624486442066,0.6573541495480689,0,0.0
LP001151,1,0,0,0,1,1,6275.0,0,0,0,1,6275.0,30,360.0,4.969813299576001,0,0,0,1,0,144.0,22.948207171314742,0.7649402390438247,0,1.0
LP001155,1,0,1,0,2,0,3572.0,1,0,0,1,1786.0,30,360.0,4.605170185988092,0,0,0,1,0,100.00000000000004,27.99552071668534,0.9331840238895114,0,1.0
LP001157,1,0,0,0,1,1,3086.0,0,0,0,1,3086.0,30,360.0,4.787491742782046,0,0,0,1,0,119.99999999999997,38.88528839922228,1.2961762799740761,0,1.0
LP001164,0,0,0,0,1,1,4230.0,0,0,0,1,4230.0,30,360.0,4.718498871295094,0,0,0,1,0,111.99999999999996,26.47754137115838,0.882584712371946,0,1.0
LP001179,0,1,1,2,4,1,4616.0,0,1,0,0,1154.0,30,360.0,4.897839799950911,0,0,0,1,0,133.99999999999997,29.029462738301554,0.967648757943385,0,1.0
LP001186,0,0,1,1,3,1,11500.0,0,1,0,0,3833.3333333333335,30,360.0,5.655991810819852,0,0,0,1,0,285.99999999999994,24.869565217391298,0.8289855072463765,1,0.0
LP001194,1,1,1,2,4,1,3875.0,1,0,0,1,968.75,30,360.0,4.574710978503383,0,0,0,1,0,97.0,25.032258064516128,0.8344086021505377,0,1.0
LP001195,1,1,1,0,2,1,3723.0,1,0,0,1,1861.5,30,360.0,4.564348191467836,0,0,0,1,0,95.99999999999999,25.7856567284448,0.85952189094816,0,1.0
LP001197,0,1,1,0,2,1,5566.0,1,0,1,0,2783.0,30,360.0,4.90527477843843,0,0,0,1,0,135.00000000000003,24.25440172475746,0.8084800574919153,0,1.0
LP001198,1,1,1,1,3,1,10330.0,1,1,0,0,3443.3333333333335,30,360.0,5.19295685089021,0,0,0,1,0,180.0,17.424975798644724,0.5808325266214908,0,1.0
LP001199,1,1,1,2,4,0,6216.0,1,1,0,0,1554.0,30,360.0,4.969813299576001,0,0,0,1,0,144.0,23.166023166023166,0.7722007722007722,0,1.0
LP001205,1,1,1,0,2,1,6296.0,1,1,0,0,3148.0,30,360.0,4.787491742782046,0,0,0,1,0,119.99999999999997,19.059720457433286,0.6353240152477763,0,1.0
LP001206,1,1,1,3,5,1,3029.0,0,1,0,0,605.8,30,360.0,4.59511985013459,0,0,0,1,0,98.99999999999999,32.68405414328161,1.08946847144272,0,1.0
LP001207,0,1,1,0,2,0,6058.0,1,0,1,0,3029.0,15,180.0,5.10594547390058,0,1,0,0,0,164.99999999999994,27.236711786068,1.8157807857378667,1,0.0
LP001213,0,1,1,1,3,1,4945.0,0,0,1,0,1648.3333333333333,30,360.0,4.779429164246882,0,0,0,1,0,119.03638042504664,24.072068842274348,0.8024022947424783,0,0.0
LP001222,0,0,0,0,1,1,4166.0,0,0,0,1,4166.0,30,360.0,4.7535901911063645,0,0,0,1,0,115.99999999999999,27.844455112818046,0.9281485037606015,0,0.0
LP001225,0,1,1,0,2,1,10321.0,1,0,0,1,5160.5,30,360.0,5.552959584921617,0,0,0,1,0,258.0,24.997577754093594,0.8332525918031198,0,1.0
LP001228,0,1,0,0,1,0,5454.0,0,1,0,0,5454.0,15,180.0,4.836281906951478,0,1,0,0,0,126.0,23.102310231023104,1.54015401540154,0,0.0
LP001233,1,1,1,1,3,1,10750.0,0,1,0,0,3583.3333333333335,30,360.0,5.7430031878094825,0,0,0,1,0,312.00000000000006,29.023255813953494,0.9674418604651165,0,1.0
LP001238,1,1,1,3,5,0,7100.0,0,1,0,0,1420.0,<15,90.0,4.8283137373023015,1,0,0,0,0,125.00000000000004,17.605633802816907,2.3474178403755874,1,1.0
LP001241,0,0,0,0,1,1,4300.0,0,0,0,1,4300.0,30,360.0,4.912654885736052,0,0,0,1,0,136.00000000000006,31.6279069767442,1.0542635658914734,0,0.0
LP001243,1,1,1,0,2,1,6274.0,1,1,0,0,3137.0,30,360.0,5.147494476813453,0,0,0,1,0,171.99999999999994,27.414727446605028,0.9138242482201675,0,1.0
LP001245,1,1,1,2,4,0,3750.0,1,0,0,1,937.5,30,360.0,4.574710978503383,0,0,0,1,0,97.0,25.866666666666667,0.8622222222222222,1,1.0
LP001248,1,1,0,0,1,1,3500.0,0,0,0,1,3500.0,"(15, 30)",270.0,4.394449154672439,0,0,1,0,0,81.00000000000003,23.14285714285715,1.028571428571429,0,1.0
LP001250,0,1,1,3,5,0,4755.0,0,0,0,1,951.0,30,360.0,4.553876891600541,0,0,0,1,0,95.0,19.978969505783386,0.6659656501927796,0,0.0
LP001253,1,1,1,3,5,1,7040.0,1,0,0,1,1408.0,30,360.0,5.231108616854587,0,0,0,1,0,187.00000000000003,26.562500000000004,0.8854166666666669,1,1.0
LP001255,0,1,0,0,1,1,3750.0,0,1,0,0,3750.0,>30,480.0,4.727387818712341,0,0,0,0,1,113.00000000000003,30.13333333333334,0.7533333333333334,0,1.0
LP001256,0,1,0,0,1,1,8500.0,0,1,0,0,8500.0,30,360.0,5.170483995038151,0,0,0,1,0,175.99999999999991,20.705882352941167,0.6901960784313722,0,1.0
LP001259,0,1,1,1,3,1,4022.0,1,1,0,0,1340.6666666666667,30,360.0,4.700480365792417,0,0,0,1,0,110.00000000000004,27.349577324714083,0.9116525774904694,1,1.0
LP001263,0,1,1,3,5,1,7167.0,1,0,0,1,1433.4,"(15, 30)",270.0,5.19295685089021,0,0,1,0,0,180.0,25.115110925073253,1.1162271522254779,0,0.0
LP001264,1,1,1,3,5,0,5499.0,1,0,0,1,1099.8,30,360.0,4.867534450455582,0,0,0,1,0,129.99999999999997,23.640661938534272,0.7880220646178091,1,1.0
LP001265,1,0,0,0,1,1,3846.0,0,0,0,1,3846.0,30,360.0,4.709530201312334,0,0,0,1,0,110.99999999999997,28.86115444617784,0.9620384815392613,0,1.0
LP001266,1,1,1,1,3,1,2395.0,0,0,0,1,798.3333333333334,30,360.0,4.269580947477279,0,0,0,1,0,71.4916705762858,29.850384374232068,0.9950128124744022,1,1.0
LP001267,0,0,1,2,4,1,3259.0,1,1,0,0,814.75,30,360.0,5.117993812416755,0,0,0,1,0,167.00000000000006,51.24271248849342,1.7080904162831139,0,1.0
LP001273,0,1,1,0,2,1,8250.0,1,0,0,1,4125.0,30,360.0,5.579729825986222,0,0,0,1,0,264.99999999999994,32.12121212121212,1.0707070707070705,0,1.0
LP001275,1,1,1,1,3,1,3988.0,0,1,0,0,1329.3333333333333,"(15, 30)",270.0,3.912023005428146,0,0,1,0,0,49.99999999999999,12.537612838515544,0.5572272372673575,0,1.0
LP001279,1,1,0,0,1,1,4897.0,0,0,0,1,4897.0,30,360.0,4.912654885736052,0,0,0,1,0,136.00000000000006,27.772105370635096,0.9257368456878365,0,1.0
LP001280,1,1,1,2,4,0,5333.0,1,0,0,1,1333.25,30,360.0,4.59511985013459,0,0,0,1,0,98.99999999999999,18.563660228764295,0.6187886742921431,0,1.0
LP001282,1,1,1,0,2,1,4618.0,1,0,0,1,2309.0,30,360.0,4.6443908991413725,0,0,0,1,0,103.99999999999999,22.520571676050235,0.7506857225350078,0,1.0
LP001289,1,1,0,0,1,1,8566.0,0,1,0,0,8566.0,30,360.0,5.3471075307174685,0,0,0,1,0,209.99999999999994,24.515526500116735,0.8171842166705579,0,1.0
LP001310,1,1,1,0,2,1,9862.0,1,0,0,1,4931.0,30,360.0,5.1647859739235145,0,0,0,1,0,175.00000000000006,17.744879334820528,0.591495977827351,0,1.0
LP001316,1,1,1,0,2,1,5858.0,1,0,0,1,2929.0,30,360.0,4.875197323201151,0,0,0,1,0,130.99999999999994,22.362581085694767,0.7454193695231589,0,1.0
LP001318,1,1,1,2,4,1,11904.0,1,0,0,1,2976.0,15,180.0,5.236441962829949,0,1,0,0,0,188.0,15.793010752688172,1.0528673835125446,0,1.0
LP001319,1,1,1,2,4,0,5093.0,1,1,0,0,1273.25,30,360.0,4.394449154672439,0,0,0,1,0,81.00000000000003,15.90418221087768,0.530139407029256,0,1.0
LP001322,1,1,0,0,1,1,4133.0,0,0,0,1,4133.0,30,360.0,4.804021044733257,0,0,0,1,0,122.00000000000003,29.518509557222362,0.9839503185740789,0,1.0
LP001325,1,1,0,0,1,0,3620.0,0,0,0,1,3620.0,<15,90.0,3.2188758248682006,1,0,0,0,0,24.999999999999996,6.906077348066297,0.9208103130755062,0,1.0
LP001326,0,1,0,0,1,1,6782.0,0,1,0,0,6782.0,30,360.0,4.918971780732375,0,0,0,1,0,136.8618168570296,20.1801558326496,0.67267186108832,0,1.0
LP001327,1,0,1,0,2,1,4786.0,1,0,0,1,2393.0,30,360.0,4.919980925828125,0,0,0,1,0,137.00000000000003,28.62515670706227,0.954171890235409,0,1.0
LP001333,1,1,1,0,2,1,2974.0,1,0,0,1,1487.0,30,360.0,3.912023005428146,0,0,0,1,0,49.99999999999999,16.812373907195692,0.5604124635731897,0,1.0
LP001334,1,1,1,0,2,0,4188.0,0,0,0,1,2094.0,15,180.0,4.74493212836325,0,1,0,0,0,115.00000000000001,27.459407831900673,1.830627188793378,0,1.0
LP001343,1,1,1,0,2,1,5300.0,1,0,0,1,2650.0,30,360.0,4.875197323201151,0,0,0,1,0,130.99999999999994,24.71698113207546,0.8238993710691821,0,1.0
LP001345,1,1,1,2,4,0,7551.0,1,1,0,0,1887.75,15,180.0,4.890349128221754,0,1,0,0,0,133.0,17.61356111773275,1.1742374078488502,0,1.0
LP001349,1,1,0,0,1,1,8649.0,0,0,0,1,8649.0,30,360.0,5.017279836814924,0,0,0,1,0,151.0,17.458665741704245,0.5819555247234749,0,1.0
LP001350,1,1,1,1,3,1,13650.0,0,1,0,0,4550.0,30,360.0,5.294654616041749,0,0,0,1,0,199.26878983641785,14.598446141862114,0.4866148713954038,0,1.0
LP001356,1,1,1,0,2,1,8235.0,1,0,0,1,4117.5,30,360.0,5.170905574566272,0,0,0,1,0,176.07421363932556,21.381203842055317,0.7127067947351773,0,1.0
LP001357,1,1,1,1,3,1,4570.0,0,1,0,0,1523.3333333333333,30,360.0,5.075173815233827,0,0,0,1,0,159.99999999999994,35.01094091903719,1.1670313639679062,0,1.0
LP001367,1,1,1,1,3,1,4082.0,1,1,0,0,1360.6666666666667,30,360.0,4.605170185988092,0,0,0,1,0,100.00000000000004,24.49779519843215,0.8165931732810717,0,1.0
LP001369,1,1,1,2,4,1,12543.0,1,1,0,0,3135.75,30,360.0,5.41610040220442,0,0,0,1,0,225.0,17.93829227457546,0.597943075819182,0,1.0
LP001370,0,1,0,0,1,0,7333.0,0,0,1,0,7333.0,30,360.0,4.787491742782046,0,0,0,1,0,119.99999999999997,16.364380199099955,0.5454793399699985,0,1.0
LP001379,0,1,1,2,4,1,7400.0,1,1,0,0,1850.0,30,360.0,5.375278407684165,0,0,0,1,0,216.00000000000006,29.189189189189197,0.9729729729729732,0,0.0
LP001384,1,1,1,3,5,0,2825.0,1,0,0,1,565.0,>30,480.0,4.543294782270004,0,0,0,0,1,94.0,33.27433628318584,0.831858407079646,0,1.0
LP001385,1,1,0,0,1,1,5316.0,0,1,0,0,5316.0,30,360.0,4.912654885736052,0,0,0,1,0,136.00000000000006,25.583145221971417,0.8527715073990474,0,1.0
LP001387,1,0,1,0,2,1,5262.0,1,0,0,1,2631.0,30,360.0,4.9344739331306915,0,0,0,1,0,138.99999999999997,26.41581147852527,0.8805270492841756,0,1.0
LP001391,0,1,1,0,2,0,7686.0,1,0,1,0,3843.0,30,360.0,5.0238805208462765,0,0,0,1,0,152.0,19.776216497527972,0.6592072165842658,0,0.0
LP001392,1,0,0,1,2,1,7451.0,0,0,0,1,3725.5,30,360.0,5.042680727501415,0,0,0,1,0,154.88466257354187,20.787097379350673,0.6929032459783558,1,1.0
LP001398,1,1,0,0,1,1,5050.0,0,0,0,1,5050.0,30,360.0,4.770684624465665,0,0,0,1,0,118.00000000000004,23.366336633663376,0.7788778877887792,0,1.0
LP001401,1,1,1,1,3,1,14583.0,0,0,1,0,4861.0,15,180.0,5.220355825078324,0,1,0,0,0,184.99999999999991,12.686004251525743,0.845733616768383,0,1.0
LP001404,1,0,1,0,2,1,5450.0,1,0,0,1,2725.0,30,360.0,5.0369526024136295,0,0,0,1,0,154.00000000000006,28.256880733944964,0.9418960244648322,0,1.0
LP001405,1,1,1,1,3,1,3612.0,1,1,0,0,1204.0,30,360.0,4.442651256490317,0,0,0,1,0,85.00000000000001,23.532668881506094,0.7844222960502032,0,1.0
LP001421,0,1,1,0,2,1,7710.0,1,0,1,0,3855.0,30,360.0,5.1647859739235145,0,0,0,1,0,175.00000000000006,22.697795071335936,0.7565931690445311,0,1.0
LP001422,1,0,0,0,1,1,10408.0,0,1,0,0,10408.0,30,360.0,5.556828061699537,0,0,0,1,0,258.9999999999999,24.884704073789383,0.8294901357929793,0,1.0
LP001426,1,1,1,1,3,1,8334.0,1,0,1,0,2778.0,30,360.0,5.19295685089021,0,0,0,1,0,180.0,21.598272138228943,0.7199424046076314,0,1.0
LP001430,1,0,0,0,1,1,4166.0,0,0,0,1,4166.0,30,360.0,3.784189633918261,0,0,0,1,0,43.99999999999999,10.56168987037926,0.352056329012642,0,1.0
LP001431,1,0,0,0,1,1,11117.0,0,0,0,1,11117.0,30,360.0,4.919980925828125,0,0,0,1,0,137.00000000000003,12.323468561662322,0.41078228538874406,0,0.0
LP001432,1,1,1,2,4,1,2957.0,0,0,0,1,739.25,30,360.0,4.394449154672439,0,0,0,1,0,81.00000000000003,27.392627663172142,0.9130875887724048,0,1.0
LP001439,1,1,1,0,2,0,6314.0,1,0,1,0,3157.0,30,360.0,5.267858159063328,0,0,0,1,0,194.00000000000003,30.725372188786828,1.0241790729595608,0,1.0
LP001443,1,0,0,0,1,1,3692.0,0,0,1,0,3692.0,30,360.0,4.532599493153256,0,0,0,1,0,93.00000000000003,25.18959913326111,0.8396533044420371,0,1.0
LP001448,1,1,1,3,5,1,23803.0,0,0,1,0,4760.6,30,360.0,5.91350300563827,0,0,0,1,0,369.9999999999999,15.544259127000794,0.5181419709000264,0,1.0
LP001449,1,1,0,0,1,1,5505.0,0,0,1,0,5505.0,30,360.0,4.8869106229833355,0,0,0,1,0,132.54346415355408,24.076923551962594,0.8025641183987531,0,1.0
LP001451,0,1,1,1,3,1,14363.0,1,1,0,0,4787.666666666667,15,180.0,5.075173815233827,0,1,0,0,0,159.99999999999994,11.139734038849818,0.7426489359233212,1,0.0
LP001465,0,1,1,0,2,1,8649.0,1,0,1,0,4324.5,30,360.0,5.204006687076795,0,0,0,1,0,181.99999999999997,21.042895132385244,0.7014298377461748,0,1.0
LP001469,1,1,0,0,1,1,20166.0,0,1,0,0,20166.0,>30,480.0,6.476972362889683,0,0,0,0,1,649.9999999999999,32.23247049489239,0.8058117623723098,1,1.0
LP001473,1,1,0,0,1,1,3943.0,0,1,0,0,3943.0,30,360.0,4.30406509320417,0,0,0,1,0,74.00000000000003,18.767435962465136,0.6255811987488378,0,1.0
LP001478,1,1,0,0,1,1,2718.0,0,0,0,1,2718.0,30,360.0,4.248495242049359,0,0,0,1,0,70.00000000000003,25.754231052244307,0.8584743684081435,0,1.0
LP001482,1,1,1,0,2,1,3459.0,0,0,0,1,1729.5,<15,90.0,3.2188758248682006,1,0,0,0,0,24.999999999999996,7.227522405319456,0.963669654042594,1,1.0
LP001487,1,1,0,0,1,1,4895.0,0,0,0,1,4895.0,30,360.0,4.624972813284271,0,0,0,1,0,101.99999999999996,20.83758937691521,0.6945863125638403,0,1.0
LP001488,0,1,1,3,5,1,11750.0,1,0,0,1,2350.0,30,360.0,5.66988092298052,0,0,0,1,0,289.99999999999994,24.68085106382978,0.8226950354609927,0,1.0
LP001489,0,0,1,0,2,1,4583.0,0,0,1,0,2291.5,30,360.0,4.430816798843313,0,0,0,1,0,83.99999999999999,18.3286057167794,0.6109535238926467,0,1.0
LP001491,1,1,1,2,4,1,6816.0,1,1,0,0,1704.0,30,360.0,4.477336814478207,0,0,0,1,0,88.00000000000003,12.910798122065732,0.43035993740219103,1,1.0
LP001492,0,1,0,0,1,1,14999.0,0,0,0,1,14999.0,30,360.0,5.488937726156687,0,0,0,1,0,242.00000000000009,16.13440896059738,0.5378136320199126,0,0.0
LP001493,0,1,1,2,4,0,5630.0,1,0,1,0,1407.5,30,360.0,4.859812404361672,0,0,0,1,0,128.99999999999997,22.912966252220244,0.7637655417406748,0,1.0
LP001497,0,1,1,2,4,1,7125.0,1,0,1,0,1781.25,30,360.0,5.220355825078324,0,0,0,1,0,184.99999999999991,25.964912280701743,0.8654970760233914,0,1.0
LP001498,1,1,0,0,1,1,5417.0,0,1,0,0,5417.0,30,360.0,5.123963979403259,0,0,0,1,0,167.99999999999997,31.013476093778838,1.0337825364592947,0,1.0
LP001504,1,1,0,0,1,1,6950.0,0,0,0,1,6950.0,15,180.0,5.1647859739235145,0,1,0,0,0,175.00000000000006,25.17985611510792,1.678657074340528,1,1.0
LP001507,1,1,1,0,2,1,4732.0,1,0,0,1,2366.0,30,360.0,4.804021044733257,0,0,0,1,0,122.00000000000003,25.781910397295018,0.8593970132431673,0,1.0
LP001508,1,1,1,2,4,1,11757.0,0,1,0,0,2939.25,15,180.0,5.231108616854587,0,1,0,0,0,187.00000000000003,15.90541804882198,1.0603612032547989,0,1.0
LP001514,1,0,1,0,2,1,6816.0,1,0,0,1,3408.0,30,360.0,4.605170185988092,0,0,0,1,0,100.00000000000004,14.671361502347425,0.4890453834115808,0,1.0
LP001516,1,0,1,2,4,1,14866.0,0,1,0,0,3716.5,30,360.0,4.248495242049359,0,0,0,1,0,70.00000000000003,4.708731333243645,0.15695771110812148,0,1.0
LP001518,1,1,1,1,3,1,2963.0,1,1,0,0,987.6666666666666,30,360.0,3.4011973816621555,0,0,0,1,0,30.000000000000004,10.124873439082013,0.3374957813027338,0,1.0
LP001519,0,0,0,0,1,1,11666.0,0,0,1,0,11666.0,30,360.0,5.41610040220442,0,0,0,1,0,225.0,19.286816389507973,0.6428938796502657,0,1.0
LP001520,1,1,1,0,2,1,5690.0,1,0,0,1,2845.0,30,360.0,4.8283137373023015,0,0,0,1,0,125.00000000000004,21.96836555360282,0.7322788517867607,0,1.0
LP001528,0,1,0,0,1,1,6277.0,0,0,1,0,6277.0,30,360.0,4.770684624465665,0,0,0,1,0,118.00000000000004,18.798789230524143,0.6266263076841381,0,0.0
LP001529,1,1,1,0,2,1,6327.0,1,0,1,0,3163.5,30,360.0,5.0238805208462765,0,0,0,1,0,152.0,24.024024024024023,0.8008008008008008,1,1.0
LP001531,0,1,0,0,1,1,9166.0,0,1,0,0,9166.0,30,360.0,5.497168225293202,0,0,0,1,0,244.00000000000006,26.62011782675104,0.8873372608917015,0,1.0
LP001532,0,1,1,2,4,0,2281.0,0,0,1,0,570.25,30,360.0,4.727387818712341,0,0,0,1,0,113.00000000000003,49.539675580885586,1.6513225193628531,0,1.0
LP001535,1,1,0,0,1,1,3254.0,0,1,0,0,3254.0,30,360.0,3.912023005428146,0,0,0,1,0,49.99999999999999,15.365703749231713,0.5121901249743904,0,1.0
LP001536,1,1,1,3,5,1,39999.0,0,0,0,1,7999.8,15,180.0,6.396929655216146,0,1,0,0,0,600.0,15.000375009375235,1.0000250006250155,0,0.0
LP001541,1,1,1,1,3,1,6000.0,0,0,1,0,2000.0,30,360.0,5.075173815233827,0,0,0,1,0,159.99999999999994,26.666666666666657,0.8888888888888885,0,1.0
LP001543,1,1,1,1,3,1,9538.0,0,1,0,0,3179.3333333333335,30,360.0,5.231108616854587,0,0,0,1,0,187.00000000000003,19.605787376808557,0.6535262458936186,0,1.0
LP001546,1,1,0,0,1,1,5063.0,0,0,1,0,5063.0,30,360.0,4.787491742782046,0,0,0,1,0,119.99999999999997,23.701362828362626,0.7900454276120875,0,1.0
LP001552,1,1,1,0,2,1,10208.0,1,0,0,1,5104.0,30,360.0,5.541263545158426,0,0,0,1,0,254.99999999999991,24.980407523510962,0.8326802507836989,0,1.0
LP001560,1,1,1,0,2,0,2904.0,1,0,0,1,1452.0,30,360.0,4.584967478670572,0,0,0,1,0,98.00000000000004,33.746556473829216,1.1248852157943072,0,1.0
LP001562,0,1,1,0,2,1,7933.0,0,1,0,0,3966.5,30,360.0,5.616771097666572,0,0,0,1,0,275.0000000000001,34.665322072356,1.1555107357452,0,1.0
LP001565,0,1,1,1,3,1,4369.0,1,0,0,1,1456.3333333333333,30,360.0,4.795790545596741,0,0,0,1,0,121.00000000000003,27.695124742504014,0.9231708247501338,0,0.0
LP001570,1,1,1,2,4,1,5614.0,1,0,1,0,1403.5,30,360.0,5.062595033026967,0,0,0,1,0,158.00000000000003,28.143925899536878,0.938130863317896,0,1.0
LP001572,1,1,1,0,2,1,9323.0,0,1,0,0,4661.5,15,180.0,4.31748811353631,0,1,0,0,0,74.99999999999997,8.044620830204867,0.5363080553469911,0,1.0
LP001574,1,1,1,0,2,1,6873.0,1,0,1,0,3436.5,30,360.0,5.204006687076795,0,0,0,1,0,181.99999999999997,26.480430670740574,0.8826810223580193,0,1.0
LP001577,0,0,1,0,2,1,4583.0,0,0,1,0,2291.5,30,360.0,4.718498871295094,0,0,0,1,0,111.99999999999996,24.43814095570586,0.8146046985235286,0,1.0
LP001578,1,1,1,0,2,1,5772.0,1,0,1,0,2886.0,30,360.0,4.859812404361672,0,0,0,1,0,128.99999999999997,22.349272349272344,0.7449757449757448,0,1.0
LP001579,0,1,0,0,1,1,2237.0,0,0,0,1,2237.0,>30,480.0,4.143134726391533,0,0,0,0,1,62.99999999999999,28.16271792579347,0.7040679481448366,0,0.0
LP001580,1,1,1,2,4,1,8000.0,0,0,0,1,2000.0,30,360.0,5.298317366548036,0,0,0,1,0,199.99999999999991,24.99999999999999,0.833333333333333,0,1.0
LP001581,1,1,1,0,2,0,3589.0,1,0,1,0,1794.5,30,360.0,4.553876891600541,0,0,0,1,0,95.0,26.469768737809975,0.8823256245936659,0,1.0
LP001585,1,1,1,3,5,1,51763.0,0,1,0,0,10352.6,"(15, 30)",270.0,6.551080335043404,0,0,1,0,0,699.9999999999998,13.52317292274404,0.601029907677513,0,1.0
LP001586,0,1,1,3,5,0,3522.0,0,0,1,0,704.4,15,180.0,4.394449154672439,0,1,0,0,0,81.00000000000003,22.998296422487233,1.5332197614991487,0,1.0
LP001594,1,1,1,0,2,1,11333.0,1,0,0,1,5666.5,30,360.0,5.231108616854587,0,0,0,1,0,187.00000000000003,16.500485308391426,0.5500161769463809,0,1.0
LP001603,0,1,1,0,2,0,5080.0,1,0,0,1,2540.0,30,360.0,4.465908118654584,0,0,0,1,0,87.0,17.125984251968504,0.5708661417322834,1,1.0
LP001606,1,1,1,0,2,1,5461.0,1,0,1,0,2730.5,30,360.0,4.7535901911063645,0,0,0,1,0,115.99999999999999,21.241530855154732,0.7080510285051577,0,1.0
LP001608,1,1,1,2,4,1,3664.0,1,0,1,0,916.0,30,360.0,4.61512051684126,0,0,0,1,0,101.00000000000003,27.56550218340612,0.9188500727802041,0,1.0
LP001610,0,1,1,3,5,1,16816.0,1,0,0,1,3363.2,30,360.0,6.20455776256869,0,0,0,1,0,495.0,29.436251189343484,0.981208372978116,0,0.0
LP001616,1,1,1,1,3,1,3750.0,0,0,0,1,1250.0,30,360.0,4.7535901911063645,0,0,0,1,0,115.99999999999999,30.93333333333333,1.0311111111111109,0,1.0
LP001630,0,1,0,0,1,0,3784.0,0,1,0,0,3784.0,>30,480.0,4.624972813284271,0,0,0,0,1,101.99999999999996,26.955602536997873,0.673890063424947,0,0.0
LP001633,0,1,1,1,3,1,13650.0,1,1,0,0,4550.0,30,360.0,5.19295685089021,0,0,0,1,0,180.0,13.186813186813186,0.43956043956043955,0,0.0
LP001634,0,1,0,0,1,1,6979.0,0,0,1,0,6979.0,30,360.0,4.204692619390966,0,0,0,1,0,66.99999999999997,9.600229259206186,0.3200076419735395,0,1.0
LP001636,1,1,1,0,2,1,4600.0,0,0,0,1,2300.0,15,180.0,4.290459441148391,0,1,0,0,0,72.99999999999999,15.869565217391301,1.0579710144927534,0,1.0
LP001637,0,1,1,1,3,1,33846.0,0,0,0,1,11282.0,30,360.0,5.560681631015528,0,0,0,1,0,259.99999999999994,7.681853099332268,0.25606176997774227,0,1.0
LP001639,1,0,1,0,2,1,3625.0,0,0,0,1,1812.5,30,360.0,4.68213122712422,0,0,0,1,0,108.00000000000003,29.793103448275872,0.9931034482758623,0,1.0
LP001640,1,1,1,0,2,1,43897.0,1,0,0,1,21948.5,30,360.0,4.787491742782046,0,0,0,1,0,119.99999999999997,2.733672004920609,0.0911224001640203,1,1.0
LP001641,0,1,1,1,3,1,2178.0,0,0,1,0,726.0,"(15, 30)",270.0,4.189654742026425,0,0,1,0,0,65.99999999999997,30.30303030303029,1.3468013468013462,1,0.0
LP001643,1,1,1,0,2,1,4521.0,1,0,1,0,2260.5,30,360.0,4.060443010546419,0,0,0,1,0,57.999999999999986,12.829020128290198,0.42763400427633985,0,1.0
LP001644,1,1,1,0,2,1,5970.0,1,0,1,0,2985.0,30,360.0,5.123963979403259,0,0,0,1,0,167.99999999999997,28.140703517587934,0.9380234505862645,1,1.0
LP001647,1,1,1,0,2,1,9328.0,0,0,1,0,4664.0,15,180.0,5.236441962829949,0,1,0,0,0,188.0,20.154373927958833,1.3436249285305888,0,1.0
LP001653,1,1,0,0,1,0,4885.0,0,0,1,0,4885.0,30,360.0,3.871201010907891,0,0,0,1,0,48.00000000000001,9.825997952917094,0.32753326509723646,0,1.0
LP001656,0,1,0,0,1,1,12000.0,0,0,0,1,12000.0,30,360.0,5.099866427824199,0,0,0,1,0,164.00000000000006,13.666666666666671,0.4555555555555557,0,1.0
LP001657,0,1,1,0,2,0,6033.0,0,1,0,0,3016.5,30,360.0,5.075173815233827,0,0,0,1,0,159.99999999999994,26.520802254268183,0.8840267418089394,0,1.0
LP001658,1,1,0,0,1,1,3858.0,0,0,0,1,3858.0,30,360.0,4.330733340286331,0,0,0,1,0,76.0,19.699326075686884,0.6566442025228962,0,1.0
LP001664,1,1,0,0,1,1,4191.0,0,0,1,0,4191.0,30,360.0,4.787491742782046,0,0,0,1,0,119.99999999999997,28.63278453829634,0.9544261512765447,0,1.0
LP001665,0,1,1,1,3,1,5708.0,1,0,0,1,1902.6666666666667,30,360.0,5.135798437050262,0,0,0,1,0,170.00000000000006,29.782761037140865,0.9927587012380289,0,1.0
LP001666,1,1,0,0,1,1,12083.0,0,0,1,0,12083.0,30,360.0,5.231108616854587,0,0,0,1,0,187.00000000000003,15.476289001075894,0.5158763000358632,0,1.0
LP001669,1,0,0,0,1,0,4272.0,0,1,0,0,4272.0,30,360.0,4.787491742782046,0,0,0,1,0,119.99999999999997,28.089887640449433,0.936329588014981,0,1.0
LP001671,1,0,1,0,2,1,6232.0,1,0,0,1,3116.0,30,360.0,4.727387818712341,0,0,0,1,0,113.00000000000003,18.132220795892174,0.6044073598630725,0,1.0
LP001673,0,1,0,0,1,1,11000.0,0,1,0,0,11000.0,30,360.0,4.418840607796598,0,0,0,1,0,83.00000000000003,7.5454545454545485,0.2515151515151516,1,1.0
LP001674,1,1,1,1,3,0,5100.0,1,0,0,1,1700.0,30,360.0,4.499809670330265,0,0,0,1,0,90.0,17.647058823529413,0.5882352941176471,0,1.0
LP001677,1,1,0,2,3,1,4923.0,0,0,0,1,1641.0,30,360.0,5.111987788356544,0,0,0,1,0,166.00000000000006,33.719276863701005,1.1239758954567,0,0.0
LP001682,0,1,1,3,5,0,3992.0,0,1,0,0,798.4,15,180.0,4.562949637636813,0,1,0,0,0,95.86583267420428,24.014487142836746,1.6009658095224495,0,1.0
LP001688,1,1,1,1,3,0,4583.0,1,1,0,0,1527.6666666666667,30,360.0,4.90527477843843,0,0,0,1,0,135.00000000000003,29.45668775910976,0.9818895919703253,0,1.0
LP001691,1,1,1,2,4,0,3917.0,0,0,0,1,979.25,30,360.0,4.820281565605037,0,0,0,1,0,124.00000000000003,31.656880265509326,1.055229342183644,0,1.0
LP001692,1,0,0,0,1,0,4408.0,0,0,0,1,4408.0,30,360.0,4.787491742782046,0,0,0,1,0,119.99999999999997,27.223230490018143,0.907441016333938,0,1.0
LP001693,1,0,0,0,1,1,3244.0,0,1,0,0,3244.0,30,360.0,4.382026634673881,0,0,0,1,0,79.99999999999997,24.66091245376078,0.8220304151253593,0,1.0
LP001698,1,1,0,0,1,0,6506.0,0,0,1,0,6506.0,30,360.0,4.007333185232471,0,0,0,1,0,55.000000000000014,8.453735013833386,0.2817911671277796,0,1.0
LP001699,1,1,0,0,1,1,2479.0,0,1,0,0,2479.0,30,360.0,4.07753744390572,0,0,0,1,0,59.000000000000014,23.79991932230739,0.793330644076913,0,1.0
LP001702,0,1,0,0,1,1,3418.0,0,0,0,1,3418.0,30,360.0,4.844187086458591,0,0,0,1,0,126.99999999999999,37.15623171445289,1.2385410571484294,0,1.0
LP001708,0,0,0,0,1,1,10000.0,0,0,0,1,10000.0,30,360.0,5.365976015021851,0,0,0,1,0,213.99999999999994,21.399999999999995,0.713333333333333,0,1.0
LP001711,0,1,1,3,5,1,4680.0,1,0,0,1,936.0,30,360.0,4.852030263919617,0,0,0,1,0,127.99999999999997,27.350427350427346,0.9116809116809116,0,0.0
LP001713,1,1,1,1,3,1,7787.0,0,1,0,0,2595.6666666666665,30,360.0,5.480638923341991,0,0,0,1,0,239.99999999999997,30.820598433286243,1.0273532811095416,1,1.0
LP001715,1,1,1,3,5,0,5703.0,0,0,1,0,1140.6,30,360.0,4.867534450455582,0,0,0,1,0,129.99999999999997,22.795020164825527,0.7598340054941841,1,1.0
LP001716,1,1,1,0,2,1,6194.0,1,1,0,0,3097.0,30,360.0,4.919980925828125,0,0,0,1,0,137.00000000000003,22.118178882789802,0.7372726294263268,0,1.0
LP001720,1,1,1,3,5,0,4833.0,1,0,0,1,966.6,30,360.0,4.605170185988092,0,0,0,1,0,100.00000000000004,20.69108214359612,0.6897027381198706,0,1.0
LP001722,0,1,1,0,2,1,1950.0,1,0,1,0,975.0,30,360.0,4.90527477843843,0,0,0,1,0,135.00000000000003,69.23076923076924,2.3076923076923084,0,1.0
LP001726,1,1,1,0,2,1,5502.0,1,0,0,1,2751.0,30,360.0,4.875197323201151,0,0,0,1,0,130.99999999999994,23.8095238095238,0.7936507936507934,0,1.0
LP001732,0,1,1,2,4,1,5000.0,0,0,0,1,1250.0,30,360.0,4.276666119016055,0,0,0,1,0,72.0,14.4,0.48,0,0.0
LP001734,1,0,1,2,4,1,6666.0,1,0,0,1,1666.5,30,360.0,4.844187086458591,0,0,0,1,0,126.99999999999999,19.05190519051905,0.6350635063506349,0,1.0
LP001736,0,1,1,0,2,1,2221.0,0,1,0,0,1110.5,30,360.0,4.0943445622221,0,0,0,1,0,59.999999999999986,27.01485817199459,0.9004952723998197,0,0.0
LP001743,1,1,1,2,4,1,5726.0,1,0,0,1,1431.5,30,360.0,4.7535901911063645,0,0,0,1,0,115.99999999999999,20.258470136220744,0.6752823378740248,0,1.0
LP001744,1,1,0,0,1,1,5762.0,0,0,0,1,5762.0,30,360.0,4.969813299576001,0,0,0,1,0,144.0,24.99132245748004,0.8330440819160014,0,1.0
LP001749,1,1,1,0,2,1,8588.0,1,0,0,1,4294.0,30,360.0,5.1647859739235145,0,0,0,1,0,175.00000000000006,20.377270610153708,0.6792423536717903,0,1.0
LP001750,1,1,1,0,2,1,6250.0,0,0,0,1,3125.0,30,360.0,4.852030263919617,0,0,0,1,0,127.99999999999997,20.479999999999997,0.6826666666666665,0,1.0
LP001751,0,1,1,0,2,1,3250.0,0,0,1,0,1625.0,30,360.0,5.135798437050262,0,0,0,1,0,170.00000000000006,52.30769230769233,1.7435897435897443,0,1.0
LP001754,0,1,1,1,3,0,4735.0,0,1,0,0,1578.3333333333333,30,360.0,4.927253685157205,0,0,0,1,0,138.00000000000006,29.14466737064415,0.9714889123548051,1,1.0
LP001758,1,1,1,2,4,1,7945.0,1,0,0,1,1986.25,30,360.0,5.3471075307174685,0,0,0,1,0,209.99999999999994,26.431718061674,0.8810572687224667,0,1.0
LP001760,1,1,1,1,3,1,4758.0,0,0,0,1,1586.0,>30,480.0,5.062595033026967,0,0,0,0,1,158.00000000000003,33.20722992854141,0.8301807482135353,0,1.0
LP001761,1,1,0,0,1,1,6400.0,0,0,1,0,6400.0,30,360.0,5.298317366548036,0,0,0,1,0,199.99999999999991,31.249999999999986,1.0416666666666663,1,1.0
LP001765,1,1,1,1,3,1,4545.0,1,0,0,1,1515.0,30,360.0,4.6443908991413725,0,0,0,1,0,103.99999999999999,22.88228822882288,0.7627429409607626,0,1.0
LP001768,1,1,1,0,2,1,3716.0,0,0,1,0,1858.0,15,180.0,3.7376696182833684,0,1,0,0,0,42.00000000000001,11.302475780409043,0.7534983853606029,0,1.0
LP001770,1,1,0,0,1,0,5787.0,0,0,1,0,5787.0,30,360.0,4.787491742782046,0,0,0,1,0,119.99999999999997,20.736132711249347,0.6912044237083116,0,1.0
LP001776,1,0,0,0,1,1,8333.0,0,0,0,1,8333.0,30,360.0,5.634789603169249,0,0,0,1,0,279.9999999999999,33.60134405376213,1.1200448017920712,0,1.0
LP001778,1,1,1,1,3,1,4934.0,1,0,0,1,1644.6666666666667,30,360.0,4.941642422609304,0,0,0,1,0,139.99999999999994,28.37454398054316,0.945818132684772,0,1.0
LP001784,1,1,1,1,3,1,6760.0,1,0,1,0,2253.3333333333335,30,360.0,5.135798437050262,0,0,0,1,0,170.00000000000006,25.14792899408285,0.8382642998027616,0,1.0
LP001786,0,1,1,0,2,1,5746.0,0,1,0,0,2873.0,30,360.0,5.541263545158426,0,0,0,1,0,254.99999999999991,44.37869822485206,1.4792899408284022,0,1.0
LP001788,1,0,0,0,1,1,3463.0,0,1,0,0,3463.0,30,360.0,4.804021044733257,0,0,0,1,0,122.00000000000003,35.22956973722207,1.1743189912407357,1,1.0
LP001790,1,0,0,1,2,1,3812.0,0,0,1,0,1906.0,30,360.0,4.718498871295094,0,0,0,1,0,111.99999999999996,29.380902413431258,0.9793634137810419,0,1.0
LP001792,1,1,1,1,3,1,3315.0,0,0,0,1,1105.0,30,360.0,4.564348191467836,0,0,0,1,0,95.99999999999999,28.959276018099544,0.9653092006033182,0,1.0
LP001798,1,1,1,2,4,1,10819.0,1,0,1,0,2704.75,30,360.0,4.787491742782046,0,0,0,1,0,119.99999999999997,11.091598114428319,0.3697199371476106,0,1.0
LP001800,0,1,1,1,3,0,4493.0,1,1,0,0,1497.6666666666667,15,180.0,4.941642422609304,0,1,0,0,0,139.99999999999994,31.15958157133317,2.0773054380888785,0,1.0
LP001806,1,1,0,0,1,1,8666.0,0,1,0,0,8666.0,<15,90.0,5.043425116919247,1,0,0,0,0,155.00000000000003,17.885991230094625,2.3847988306792836,0,1.0
LP001807,1,1,1,2,4,1,7550.0,1,0,1,0,1887.5,30,360.0,4.68213122712422,0,0,0,1,0,108.00000000000003,14.304635761589408,0.47682119205298024,1,1.0
LP001811,1,1,1,0,2,0,7823.0,1,0,0,1,3911.5,30,360.0,4.812184355372417,0,0,0,1,0,122.99999999999994,15.722868464783323,0.5240956154927775,0,1.0
LP001813,0,1,0,0,1,1,10383.0,0,1,0,0,10383.0,15,180.0,4.787491742782046,0,1,0,0,0,119.99999999999997,11.557353366079164,0.7704902244052777,1,1.0
LP001814,1,1,1,2,4,1,9703.0,0,1,0,0,2425.75,30,360.0,4.718498871295094,0,0,0,1,0,111.99999999999996,11.54282180768834,0.3847607269229446,0,1.0
LP001819,1,1,1,1,3,0,6608.0,0,1,0,0,2202.6666666666665,15,180.0,4.919980925828125,0,1,0,0,0,137.00000000000003,20.73244552058112,1.382163034705408,0,1.0
LP001824,1,1,1,1,3,1,4725.0,1,0,0,1,1575.0,>30,480.0,4.812184355372417,0,0,0,0,1,122.99999999999994,26.03174603174602,0.6507936507936505,0,1.0
LP001825,1,1,1,0,2,1,3677.0,1,1,0,0,1838.5,30,360.0,4.499809670330265,0,0,0,1,0,90.0,24.476475387544195,0.8158825129181397,0,1.0
LP001835,0,1,1,0,2,0,5558.0,1,0,0,1,2779.0,30,360.0,5.303304908059076,0,0,0,1,0,201.0,36.1640878013674,1.2054695933789132,0,0.0
LP001836,0,0,0,2,3,1,3427.0,0,1,0,0,1142.3333333333333,30,360.0,4.927253685157205,0,0,0,1,0,138.00000000000006,40.268456375838944,1.3422818791946314,0,1.0
LP001841,1,1,0,0,1,0,4750.0,0,0,1,0,4750.0,30,360.0,4.6443908991413725,0,0,0,1,0,103.99999999999999,21.89473684210526,0.7298245614035086,1,1.0
LP001843,1,1,1,1,3,0,9762.0,1,0,0,1,3254.0,15,180.0,5.631211781821365,0,1,0,0,0,278.99999999999994,28.580208973570983,1.9053472649047323,0,1.0
LP001844,0,1,0,0,1,1,16250.0,0,1,0,0,16250.0,30,360.0,5.2574953720277815,0,0,0,1,0,192.0,11.815384615384616,0.39384615384615385,1,0.0
LP001846,1,0,0,3,4,1,3083.0,0,0,1,0,770.75,30,360.0,5.541263545158426,0,0,0,1,0,254.99999999999991,82.71164450210831,2.757054816736944,0,1.0
LP001849,0,1,0,0,1,0,6045.0,0,0,1,0,6045.0,30,360.0,4.74493212836325,0,0,0,1,0,115.00000000000001,19.023986765922253,0.6341328921974083,0,0.0
LP001854,0,1,1,3,5,1,5250.0,0,1,0,0,1050.0,30,360.0,4.543294782270004,0,0,0,1,0,94.0,17.904761904761905,0.5968253968253968,0,1.0
LP001859,0,1,1,0,2,1,16783.0,1,0,1,0,8391.5,30,360.0,5.717027701406222,0,0,0,1,0,304.00000000000006,18.1135673002443,0.6037855766748099,0,1.0
LP001864,0,1,1,3,5,0,4931.0,0,0,0,1,986.2,30,360.0,4.852030263919617,0,0,0,1,0,127.99999999999997,25.958223484080303,0.8652741161360101,0,1.0
LP001865,1,1,1,1,3,1,10333.0,1,1,0,0,3444.3333333333335,30,360.0,5.799092654460526,0,0,0,1,0,329.99999999999994,31.936514081099386,1.0645504693699794,0,1.0
LP001868,1,1,0,0,1,1,4269.0,0,0,0,1,4269.0,30,360.0,4.897839799950911,0,0,0,1,0,133.99999999999997,31.389084094635738,1.0463028031545245,0,1.0
LP001870,0,0,0,1,2,1,3481.0,0,0,0,1,1740.5,<15,90.0,5.043425116919247,1,0,0,0,0,155.00000000000003,44.5274346452169,5.9369912860289205,0,1.0
LP001871,1,0,0,0,1,1,7200.0,0,0,1,0,7200.0,30,360.0,4.787491742782046,0,0,0,1,0,119.99999999999997,16.666666666666664,0.5555555555555555,0,1.0
LP001872,1,1,0,0,1,1,5166.0,0,0,0,1,5166.0,30,360.0,4.852030263919617,0,0,0,1,0,127.99999999999997,24.777390631049162,0.8259130210349721,1,1.0
LP001875,1,1,0,0,1,1,7542.0,0,0,1,0,7542.0,30,360.0,5.017279836814924,0,0,0,1,0,151.0,20.02121453195439,0.667373817731813,0,1.0
LP001877,1,1,1,2,4,1,6095.0,1,0,0,1,1523.75,30,360.0,5.0106352940962555,0,0,0,1,0,149.99999999999997,24.610336341263327,0.8203445447087775,0,1.0
LP001882,1,1,1,3,5,1,6144.0,1,1,0,0,1228.8,30,360.0,5.075173815233827,0,0,0,1,0,159.99999999999994,26.041666666666657,0.8680555555555552,0,0.0
LP001883,0,0,0,0,1,1,3418.0,0,0,1,0,3418.0,30,360.0,4.90527477843843,0,0,0,1,0,135.00000000000003,39.49678174370978,1.3165593914569926,0,1.0
LP001884,1,0,0,1,2,1,4436.0,0,1,0,0,2218.0,30,360.0,4.499809670330265,0,0,0,1,0,90.0,20.288548241659154,0.6762849413886384,0,1.0
LP001888,1,0,0,0,1,1,3237.0,0,1,0,0,3237.0,30,360.0,3.4011973816621555,0,0,0,1,0,30.000000000000004,9.267840593141798,0.3089280197713933,0,1.0
LP001891,1,1,1,0,2,1,11146.0,0,1,0,0,5573.0,30,360.0,4.912654885736052,0,0,0,1,0,136.00000000000006,12.20168670375023,0.4067228901250077,0,1.0
LP001892,1,1,0,0,1,1,4690.0,0,0,1,0,4690.0,30,360.0,4.836281906951478,0,0,0,1,0,126.0,26.865671641791046,0.8955223880597015,0,1.0
LP001894,1,1,1,0,2,1,4843.0,1,0,0,1,2421.5,30,360.0,5.0106352940962555,0,0,0,1,0,149.99999999999997,30.972537683254174,1.032417922775139,0,1.0
LP001896,1,1,1,2,4,1,3900.0,0,0,0,1,975.0,30,360.0,4.499809670330265,0,0,0,1,0,90.0,23.076923076923077,0.7692307692307693,0,1.0
LP001900,1,1,1,1,3,1,4592.0,1,0,0,1,1530.6666666666667,30,360.0,4.74493212836325,0,0,0,1,0,115.00000000000001,25.043554006968645,0.8347851335656215,0,1.0
LP001903,1,1,1,0,2,1,7267.0,1,0,0,1,3633.5,30,360.0,5.332718793265369,0,0,0,1,0,206.99999999999994,28.48493188385853,0.949497729461951,0,1.0
LP001904,1,1,1,0,2,1,4403.0,1,1,0,0,2201.5,30,360.0,4.382026634673881,0,0,0,1,0,79.99999999999997,18.16942993413581,0.6056476644711937,0,1.0
LP001907,1,1,1,0,2,1,14583.0,0,0,0,1,7291.5,30,360.0,6.077642243349034,0,0,0,1,0,435.99999999999994,29.897826236028248,0.9965942078676082,0,1.0
LP001908,1,0,1,0,2,0,4100.0,0,0,1,0,2050.0,30,360.0,4.820281565605037,0,0,0,1,0,124.00000000000003,30.243902439024396,1.0081300813008132,0,1.0
LP001910,0,1,0,1,2,0,6479.0,0,1,0,0,3239.5,30,360.0,5.062595033026967,0,0,0,1,0,158.00000000000003,24.386479394968365,0.8128826464989455,1,0.0
LP001914,1,1,1,0,2,1,4727.0,1,0,0,1,2363.5,30,360.0,4.718498871295094,0,0,0,1,0,111.99999999999996,23.69367463507509,0.789789154502503,0,1.0
LP001915,1,1,1,2,4,1,3286.7999878,1,1,0,0,821.69999695,15,180.0,4.356708826689592,0,1,0,0,0,78.0,23.731288879615956,1.5820859253077304,0,1.0
LP001917,1,0,0,0,1,1,3477.0,0,1,0,0,3477.0,30,360.0,3.9889840465642745,0,0,0,1,0,54.00000000000001,15.530629853321832,0.5176876617773944,0,1.0
LP001922,0,1,1,0,2,1,20667.0,0,0,1,0,10333.5,30,360.0,5.389398212941379,0,0,0,1,0,219.07151147735843,10.60006345755835,0.3533354485852783,0,1.0
LP001924,1,1,0,0,1,1,6211.0,0,0,1,0,6211.0,30,360.0,4.48863636973214,0,0,0,1,0,88.99999999999999,14.329415553051037,0.4776471851017012,0,1.0
LP001925,0,0,0,0,1,1,4317.0,0,0,0,1,4317.0,"(15, 30)",270.0,4.59511985013459,0,0,1,0,0,98.99999999999999,22.932592077831824,1.0192263145703035,1,1.0
LP001926,1,1,1,0,2,1,5704.0,1,0,1,0,2852.0,30,360.0,4.787491742782046,0,0,0,1,0,119.99999999999997,21.037868162692842,0.7012622720897614,0,1.0
LP001931,1,0,0,0,1,1,4124.0,0,0,0,1,4124.0,30,360.0,4.74493212836325,0,0,0,1,0,115.00000000000001,27.885548011639187,0.9295182670546396,0,1.0
LP001935,1,1,0,0,1,1,9508.0,0,0,1,0,9508.0,30,360.0,5.231108616854587,0,0,0,1,0,187.00000000000003,19.66764829617165,0.6555882765390549,0,1.0
LP001936,1,1,1,0,2,1,5491.0,1,0,1,0,2745.5,30,360.0,4.9344739331306915,0,0,0,1,0,138.99999999999997,25.31415042797304,0.843805014265768,0,1.0
LP001938,0,1,1,2,4,1,4400.0,0,0,0,1,1100.0,30,360.0,4.844187086458591,0,0,0,1,0,126.99999999999999,28.86363636363636,0.9621212121212118,0,0.0
LP001940,1,1,1,2,4,1,4713.0,1,1,0,0,1178.25,30,360.0,4.897839799950911,0,0,0,1,0,133.99999999999997,28.431996605134728,0.9477332201711575,0,1.0
LP001945,0,0,0,0,1,1,5417.0,0,1,0,0,5417.0,>30,480.0,4.962844630259907,0,0,0,0,1,142.99999999999994,26.398375484585554,0.659959387114639,0,0.0
LP001947,1,1,1,0,2,1,5717.0,1,0,0,1,2858.5,30,360.0,5.147494476813453,0,0,0,1,0,171.99999999999994,30.085709288088147,1.002856976269605,0,1.0
LP001949,1,1,1,3,5,1,5666.0,1,1,0,0,1133.2,30,360.0,4.700480365792417,0,0,0,1,0,110.00000000000004,19.414048711613137,0.6471349570537712,0,1.0
LP001953,1,1,1,1,3,1,6875.0,0,0,0,1,2291.6666666666665,30,360.0,5.298317366548036,0,0,0,1,0,199.99999999999991,29.09090909090908,0.9696969696969694,0,1.0
LP001954,1,0,1,1,3,1,4666.0,0,1,0,0,1555.3333333333333,30,360.0,4.90527477843843,0,0,0,1,0,135.00000000000003,28.93270467209602,0.9644234890698673,0,1.0
LP001955,0,0,0,0,1,1,7541.0,0,0,1,0,7541.0,>30,480.0,5.017279836814924,0,0,0,0,1,151.0,20.023869513327146,0.5005967378331786,0,1.0
LP001963,0,1,1,1,3,1,4939.0,1,1,0,0,1646.3333333333333,30,360.0,4.727387818712341,0,0,0,1,0,113.00000000000003,22.879125329013977,0.7626375109671326,0,1.0
LP001964,0,1,1,0,2,0,4734.0,1,1,0,0,2367.0,30,360.0,4.532599493153256,0,0,0,1,0,93.00000000000003,19.645120405576687,0.6548373468525561,0,0.0
LP001972,1,1,1,1,3,0,4625.0,1,0,0,1,1541.6666666666667,30,360.0,4.653960350157523,0,0,0,1,0,104.99999999999997,22.702702702702695,0.7567567567567566,0,1.0
LP001974,1,0,0,0,1,1,5000.0,0,0,1,0,5000.0,30,360.0,4.882801922586371,0,0,0,1,0,131.99999999999997,26.399999999999995,0.8799999999999998,0,1.0
LP001977,1,1,1,1,3,1,3428.0,1,1,0,0,1142.6666666666667,30,360.0,4.564348191467836,0,0,0,1,0,95.99999999999999,28.004667444574093,0.9334889148191364,0,1.0
LP001978,1,1,0,0,1,1,6500.0,0,0,1,0,6500.0,30,360.0,4.941642422609304,0,0,0,1,0,139.99999999999994,21.53846153846153,0.7179487179487177,0,1.0
LP001990,0,1,0,0,1,0,2000.0,0,1,0,0,2000.0,30,360.0,4.255978412562819,0,0,0,1,0,70.5257867583508,35.2628933791754,1.1754297793058468,0,1.0
LP001993,1,0,0,0,1,1,5428.0,0,0,1,0,5428.0,30,360.0,4.90527477843843,0,0,0,1,0,135.00000000000003,24.87103905674282,0.8290346352247606,0,1.0
LP001994,0,0,0,0,1,1,4263.0,0,1,0,0,4263.0,30,360.0,4.6443908991413725,0,0,0,1,0,103.99999999999999,24.395965282664786,0.8131988427554928,0,0.0
LP001996,0,1,0,0,1,1,20233.0,0,0,1,0,20233.0,30,360.0,6.173786103901937,0,0,0,1,0,480.0,23.72361982899224,0.7907873276330747,0,1.0
LP001998,1,1,1,2,4,0,7667.0,0,0,1,0,1916.75,30,360.0,5.220355825078324,0,0,0,1,0,184.99999999999991,24.129385678883516,0.8043128559627839,0,1.0
LP002002,1,0,0,0,1,1,2917.0,0,0,0,1,2917.0,30,360.0,4.430816798843313,0,0,0,1,0,83.99999999999999,28.796708947548847,0.9598902982516282,0,1.0
LP002004,1,1,0,0,1,0,5332.0,0,0,0,1,5332.0,30,360.0,4.709530201312334,0,0,0,1,0,110.99999999999997,20.81770442610652,0.6939234808702174,0,1.0
LP002006,1,0,0,0,1,1,2507.0,0,0,1,0,2507.0,30,360.0,4.02535169073515,0,0,0,1,0,56.00000000000002,22.337455125648194,0.7445818375216064,0,1.0
LP002008,1,1,1,2,4,1,5746.0,0,0,1,0,1436.5,<15,90.0,4.969813299576001,1,0,0,0,0,144.0,25.06091193873999,3.3414549251653325,1,1.0
LP002024,0,1,1,0,2,1,4316.0,1,0,1,0,2158.0,30,360.0,5.0689042022202315,0,0,0,1,0,159.0,36.83966635773864,1.2279888785912882,0,1.0
LP002031,1,1,1,1,3,0,5039.0,1,1,0,0,1679.6666666666667,15,180.0,4.709530201312334,0,1,0,0,0,110.99999999999997,22.028180194483028,1.4685453462988685,0,1.0
LP002035,1,1,1,2,4,1,3717.0,0,0,0,1,929.25,30,360.0,4.787491742782046,0,0,0,1,0,119.99999999999997,32.28410008071024,1.076136669357008,0,1.0
LP002036,1,1,1,0,2,1,4192.0,1,1,0,0,2096.0,30,360.0,4.477336814478207,0,0,0,1,0,88.00000000000003,20.992366412213748,0.6997455470737914,0,1.0
LP002043,1,0,0,1,2,1,3541.0,0,0,0,1,1770.5,30,360.0,4.718498871295094,0,0,0,1,0,111.99999999999996,31.62948319683704,1.0543161065612345,0,1.0
LP002050,0,1,1,1,3,1,10000.0,0,0,1,0,3333.3333333333335,30,360.0,5.043425116919247,0,0,0,1,0,155.00000000000003,15.500000000000004,0.5166666666666668,1,1.0
LP002051,1,1,1,0,2,1,4567.0,1,0,0,1,2283.5,30,360.0,4.74493212836325,0,0,0,1,0,115.00000000000001,25.18064374863149,0.8393547916210496,0,1.0
LP002053,1,1,1,3,5,1,4531.0,1,0,0,1,906.2,30,360.0,4.820281565605037,0,0,0,1,0,124.00000000000003,27.36702714632532,0.9122342382108439,0,1.0
LP002054,1,1,1,2,4,0,5191.0,1,0,1,0,1297.75,30,360.0,4.842214199535065,0,0,0,1,0,126.7496903582114,24.41720099368357,0.8139066997894523,0,1.0
LP002055,1,0,0,0,1,1,6151.0,0,0,1,0,6151.0,30,360.0,4.882801922586371,0,0,0,1,0,131.99999999999997,21.459925215412124,0.7153308405137374,0,1.0
LP002065,1,1,1,3,5,1,15000.0,0,0,1,0,3000.0,30,360.0,5.703782474656201,0,0,0,1,0,299.99999999999994,19.999999999999996,0.6666666666666665,0,1.0
LP002067,0,1,1,1,3,1,13649.0,1,0,1,0,4549.666666666667,30,360.0,5.929589143389895,0,0,0,1,0,376.00000000000006,27.54780570005129,0.9182601900017097,1,0.0
LP002068,1,1,0,0,1,1,4917.0,0,0,1,0,4917.0,30,360.0,4.867534450455582,0,0,0,1,0,129.99999999999997,26.43888549928818,0.8812961833096059,0,0.0
LP002082,1,1,1,0,2,1,7978.0,1,0,0,1,3989.0,30,360.0,5.214935757608986,0,0,0,1,0,184.00000000000006,23.06342441714716,0.7687808139049054,1,1.0
LP002086,0,0,1,0,2,1,6784.0,1,1,0,0,3392.0,30,360.0,4.700480365792417,0,0,0,1,0,110.00000000000004,16.21462264150944,0.540487421383648,0,1.0
LP002087,1,0,0,0,1,1,2500.0,0,1,0,0,2500.0,30,360.0,4.204692619390966,0,0,0,1,0,66.99999999999997,26.79999999999999,0.8933333333333329,0,1.0
LP002097,1,1,0,1,2,1,6177.0,0,1,0,0,3088.5,30,360.0,4.762173934797756,0,0,0,1,0,117.00000000000003,18.941233608547844,0.6313744536182614,0,1.0
LP002098,1,1,0,0,1,1,2935.0,0,0,0,1,2935.0,30,360.0,4.584967478670572,0,0,0,1,0,98.00000000000004,33.39011925042591,1.113003975014197,0,1.0
LP002100,1,1,0,0,1,1,2833.0,0,1,0,0,2833.0,30,360.0,4.2626798770413155,0,0,0,1,0,71.0,25.061771973173315,0.8353923991057772,0,1.0
LP002101,1,1,1,0,2,1,63337.0,0,1,0,0,31668.5,15,180.0,6.194405391104672,0,1,0,0,0,489.99999999999983,7.736394208756332,0.5157596139170889,0,1.0
LP002103,1,1,1,1,3,1,11666.0,1,1,0,0,3888.6666666666665,15,180.0,5.204006687076795,0,1,0,0,0,181.99999999999997,15.600891479513113,1.040059431967541,1,1.0
LP002106,1,1,1,1,3,1,9993.0,1,0,0,1,3331.0,30,360.0,4.248495242049359,0,0,0,1,0,70.00000000000003,7.004903432402685,0.23349678108008945,1,1.0
LP002110,1,1,1,1,3,1,5938.0,1,0,1,0,1979.3333333333333,30,360.0,5.075173815233827,0,0,0,1,0,159.99999999999994,26.94509936005388,0.8981699786684626,0,1.0
LP002112,1,1,1,2,4,1,7100.0,1,0,1,0,1775.0,30,360.0,5.170483995038151,0,0,0,1,0,175.99999999999991,24.788732394366185,0.8262910798122061,1,1.0
LP002113,0,0,0,3,4,0,1830.0,0,1,0,0,457.5,30,360.0,4.255978412562819,0,0,0,1,0,70.5257867583508,38.53868128871629,1.2846227096238763,0,0.0
LP002114,1,0,0,0,1,1,4160.0,0,0,0,1,4160.0,30,360.0,4.2626798770413155,0,0,0,1,0,71.0,17.067307692307693,0.5689102564102565,0,1.0
LP002115,0,1,1,3,5,0,4234.0,1,0,1,0,846.8,30,360.0,5.153291594497779,0,0,0,1,0,173.00000000000006,40.85970713273502,1.361990237757834,0,1.0
LP002116,0,0,0,0,1,1,2378.0,0,0,1,0,2378.0,30,360.0,3.828641396489095,0,0,0,1,0,46.0,19.343986543313708,0.6447995514437903,0,1.0
LP002119,1,1,1,1,3,0,5783.0,1,1,0,0,1927.6666666666667,30,360.0,5.062595033026967,0,0,0,1,0,158.00000000000003,27.321459450112403,0.9107153150037468,0,1.0
LP002126,1,1,1,3,5,0,3173.0,0,0,0,1,634.6,30,360.0,4.30406509320417,0,0,0,1,0,74.00000000000003,23.321777497636315,0.7773925832545437,0,1.0
LP002128,1,1,1,2,4,1,4913.0,1,0,1,0,1228.25,30,360.0,4.8283137373023015,0,0,0,1,0,125.00000000000004,25.44270303277021,0.8480901010923403,0,1.0
LP002129,1,1,1,0,2,1,4957.0,1,0,0,1,2478.5,30,360.0,5.075173815233827,0,0,0,1,0,159.99999999999994,32.27758725035302,1.0759195750117674,0,1.0
LP002130,0,1,1,1,3,0,6753.0,1,0,1,0,2251.0,30,360.0,5.0238805208462765,0,0,0,1,0,152.0,22.50851473419221,0.7502838244730737,0,0.0
LP002131,1,1,1,2,4,0,5251.0,1,1,0,0,1312.75,30,360.0,4.836281906951478,0,0,0,1,0,126.0,23.995429442011044,0.7998476480670349,0,1.0
LP002137,1,1,1,0,2,1,10916.0,1,0,0,1,5458.0,30,360.0,5.556828061699537,0,0,0,1,0,258.9999999999999,23.72663979479662,0.7908879931598872,0,1.0
LP002138,1,1,1,0,2,1,8875.0,1,0,1,0,4437.5,30,360.0,5.231108616854587,0,0,0,1,0,187.00000000000003,21.07042253521127,0.7023474178403758,0,1.0
LP002139,1,1,1,0,2,1,9083.0,0,0,0,1,4541.5,30,360.0,5.429345628954441,0,0,0,1,0,228.00000000000006,25.101838599581644,0.8367279533193881,0,1.0
LP002140,0,1,0,0,1,1,12917.0,0,0,1,0,12917.0,30,360.0,5.730099782973574,0,0,0,1,0,307.9999999999999,23.844545947201354,0.7948181982400451,0,1.0
LP002141,1,1,1,3,5,1,4749.0,1,0,1,0,949.8,30,360.0,4.553876891600541,0,0,0,1,0,95.0,20.00421141292904,0.6668070470976346,0,1.0
LP002142,0,0,1,0,2,1,5500.0,0,0,1,0,2750.0,30,360.0,4.653960350157523,0,0,0,1,0,104.99999999999997,19.090909090909086,0.6363636363636362,1,0.0
LP002143,1,0,1,0,2,1,2928.0,1,0,0,1,1464.0,30,360.0,4.867534450455582,0,0,0,1,0,129.99999999999997,44.398907103825124,1.4799635701275042,0,1.0
LP002144,1,0,0,0,1,1,3813.0,0,1,0,0,3813.0,15,180.0,4.7535901911063645,0,1,0,0,0,115.99999999999999,30.422239706268027,2.028149313751202,0,1.0
LP002149,1,1,1,2,4,1,11500.0,1,0,1,0,2875.0,30,360.0,5.10594547390058,0,0,0,1,0,164.99999999999994,14.347826086956516,0.47826086956521724,0,1.0
LP002151,0,1,1,1,3,1,3875.0,0,1,0,0,1291.6666666666667,30,360.0,4.204692619390966,0,0,0,1,0,66.99999999999997,17.290322580645153,0.5763440860215051,0,1.0
LP002158,0,1,1,0,2,0,4666.0,1,1,0,0,2333.0,>30,480.0,4.605170185988092,0,0,0,0,1,100.00000000000004,21.4316330904415,0.5357908272610374,0,0.0
LP002160,1,1,1,3,5,1,8334.0,1,0,0,1,1666.8,30,360.0,5.298317366548036,0,0,0,1,0,199.99999999999991,23.998080153587704,0.7999360051195902,0,1.0
LP002161,0,0,0,1,2,1,4723.0,0,0,0,1,2361.5,30,360.0,4.394449154672439,0,0,0,1,0,81.00000000000003,17.15011645140801,0.571670548380267,0,1.0
LP002170,1,1,1,2,4,1,8667.0,1,0,0,1,2166.75,30,360.0,5.4638318050256105,0,0,0,1,0,236.0000000000001,27.229721933771792,0.9076573977923931,0,1.0
LP002175,1,1,1,0,2,1,7083.0,1,1,0,0,3541.5,30,360.0,4.867534450455582,0,0,0,1,0,129.99999999999997,18.35380488493576,0.6117934961645252,0,1.0
LP002178,1,1,1,0,2,1,6046.0,1,1,0,0,3023.0,"(15, 30)",270.0,4.553876891600541,0,0,1,0,0,95.0,15.7128680119087,0.6983496894181646,0,1.0
LP002180,1,1,0,0,1,1,6822.0,0,0,1,0,6822.0,30,360.0,4.948759890378168,0,0,0,1,0,141.00000000000003,20.6684256816183,0.6889475227206099,1,1.0
LP002181,0,1,0,0,1,0,6216.0,0,0,1,0,6216.0,30,360.0,4.890349128221754,0,0,0,1,0,133.0,21.396396396396398,0.7132132132132133,0,1.0
LP002187,0,1,0,0,1,1,2500.0,0,0,0,1,2500.0,>30,480.0,4.564348191467836,0,0,0,0,1,95.99999999999999,38.39999999999999,0.9599999999999999,0,1.0
LP002188,0,1,0,0,1,1,5124.0,0,0,1,0,5124.0,30,360.0,4.820281565605037,0,0,0,1,0,124.00000000000003,24.199843871975027,0.8066614623991675,0,0.0
LP002190,1,1,1,1,3,1,6325.0,0,0,0,1,2108.3333333333335,30,360.0,5.1647859739235145,0,0,0,1,0,175.00000000000006,27.66798418972333,0.9222661396574442,0,1.0
LP002191,0,1,1,0,2,1,24996.0,1,0,1,0,12498.0,30,360.0,6.345636360828596,0,0,0,1,0,570.0000000000002,22.803648583773413,0.7601216194591137,0,1.0
LP002194,1,0,0,0,1,1,15759.0,0,0,0,1,15759.0,30,360.0,4.007333185232471,0,0,0,1,0,55.000000000000014,3.490069166825307,0.1163356388941769,1,1.0
LP002197,1,1,1,2,4,1,5185.0,0,0,0,1,1296.25,30,360.0,5.043425116919247,0,0,0,1,0,155.00000000000003,29.89392478302797,0.9964641594342657,0,1.0
LP002201,1,1,1,2,4,1,17196.0,1,0,1,0,4299.0,"(15, 30)",270.0,5.940171252720432,0,0,1,0,0,380.00000000000006,22.098162363340315,0.9821405494817917,1,1.0
LP002205,0,1,0,1,2,1,5049.0,0,1,0,0,2524.5,15,180.0,4.709530201312334,0,1,0,0,0,110.99999999999997,21.984551396316096,1.4656367597544064,0,0.0
LP002209,1,0,0,0,1,1,4223.0,0,1,0,0,4223.0,30,360.0,4.700480365792417,0,0,0,1,0,110.00000000000004,26.04783329386693,0.8682611097955643,0,1.0
LP002211,1,1,1,0,2,1,5740.0,1,1,0,0,2870.0,15,180.0,4.787491742782046,0,1,0,0,0,119.99999999999997,20.90592334494773,1.3937282229965153,0,1.0
LP002219,1,1,1,3,5,1,13746.0,1,0,1,0,2749.2,30,360.0,4.867534450455582,0,0,0,1,0,129.99999999999997,9.457296668121634,0.3152432222707211,0,1.0
LP002223,1,1,1,0,2,1,4310.0,0,0,0,1,2155.0,30,360.0,4.867534450455582,0,0,0,1,0,129.99999999999997,30.162412993039435,1.0054137664346479,0,1.0
LP002224,0,1,0,0,1,1,3069.0,0,1,0,0,3069.0,>30,480.0,4.2626798770413155,0,0,0,0,1,71.0,23.134571521668295,0.5783642880417074,0,1.0
LP002225,1,1,1,2,4,1,5391.0,0,1,0,0,1347.75,30,360.0,4.867534450455582,0,0,0,1,0,129.99999999999997,24.114264514932287,0.8038088171644096,0,1.0
LP002226,1,1,1,0,2,1,5833.0,1,0,0,1,2916.5,30,360.0,4.852030263919617,0,0,0,1,0,127.99999999999997,21.9441110920624,0.7314703697354134,0,1.0
LP002229,1,1,0,0,1,1,10173.0,0,0,0,1,10173.0,30,360.0,5.69035945432406,0,0,0,1,0,295.99999999999994,29.096628329892848,0.9698876109964282,0,1.0
LP002231,1,0,0,0,1,1,6000.0,0,1,0,0,6000.0,30,360.0,5.049856007249537,0,0,0,1,0,156.0,26.0,0.8666666666666667,0,1.0
LP002234,1,1,0,0,1,1,7167.0,0,1,0,0,7167.0,30,360.0,4.852030263919617,0,0,0,1,0,127.99999999999997,17.859634435607642,0.5953211478535881,1,1.0
LP002236,0,1,1,2,4,1,4566.0,0,1,0,0,1141.5,30,360.0,4.605170185988092,0,0,0,1,0,100.00000000000004,21.90100744634254,0.7300335815447514,0,1.0
LP002237,1,1,0,1,2,1,3667.0,0,1,0,0,1833.5,15,180.0,4.727387818712341,0,1,0,0,0,113.00000000000003,30.81538041996183,2.054358694664122,0,1.0
LP002239,1,1,0,0,1,0,3946.0,0,0,0,1,3946.0,30,360.0,4.882801922586371,0,0,0,1,0,131.99999999999997,33.451596553471866,1.115053218449062,0,1.0
LP002243,0,1,1,0,2,0,6146.0,1,1,0,0,3073.0,30,360.0,4.902598488100672,0,0,0,1,0,134.63918384416158,21.906798542818347,0.730226618093945,0,0.0
LP002244,1,1,1,0,2,1,4750.0,1,1,0,0,2375.0,30,360.0,4.912654885736052,0,0,0,1,0,136.00000000000006,28.631578947368432,0.9543859649122812,0,1.0
LP002250,1,1,1,0,2,1,5488.0,0,0,1,0,2744.0,30,360.0,4.8283137373023015,0,0,0,1,0,125.00000000000004,22.776967930029162,0.7592322643343054,0,1.0
LP002255,1,1,0,3,4,1,9167.0,0,0,1,0,2291.75,30,360.0,5.220355825078324,0,0,0,1,0,184.99999999999991,20.181084324206385,0.6727028108068794,0,1.0
LP002262,1,1,1,3,5,1,9504.0,0,0,1,0,1900.8,30,360.0,5.616771097666572,0,0,0,1,0,275.0000000000001,28.935185185185198,0.9645061728395067,0,1.0
LP002263,1,1,1,0,2,1,4698.0,1,1,0,0,2349.0,30,360.0,4.787491742782046,0,0,0,1,0,119.99999999999997,25.54278416347381,0.8514261387824604,0,1.0
LP002265,1,1,1,2,4,0,3618.0,1,0,0,1,904.5,15,180.0,4.727387818712341,0,1,0,0,0,113.00000000000003,31.232725262576018,2.0821816841717347,0,1.0
LP002266,1,1,1,2,4,1,4500.0,1,1,0,0,1125.0,30,360.0,4.727387818712341,0,0,0,1,0,113.00000000000003,25.111111111111118,0.8370370370370374,0,1.0
LP002272,1,1,1,2,4,1,3760.0,1,0,0,1,940.0,30,360.0,4.90527477843843,0,0,0,1,0,135.00000000000003,35.904255319148945,1.1968085106382982,0,1.0
LP002277,0,0,0,0,1,1,3180.0,0,1,0,0,3180.0,30,360.0,4.2626798770413155,0,0,0,1,0,71.0,22.32704402515723,0.7442348008385745,0,0.0
LP002281,1,1,1,0,2,1,4492.0,1,1,0,0,2246.0,30,360.0,4.553876891600541,0,0,0,1,0,95.0,21.148708815672308,0.7049569605224103,0,1.0
LP002284,1,1,0,0,1,0,5568.0,0,0,1,0,5568.0,30,360.0,4.6913478822291435,0,0,0,1,0,108.99999999999997,19.57614942528735,0.6525383141762451,0,1.0
LP002287,0,0,0,0,1,1,3300.0,0,0,0,1,3300.0,30,360.0,4.634728988229636,0,0,0,1,0,103.00000000000001,31.212121212121218,1.0404040404040407,0,0.0
LP002288,0,1,1,2,4,0,2889.0,0,1,0,0,722.25,15,180.0,3.8066624897703196,0,1,0,0,0,44.99999999999999,15.576323987538938,1.0384215991692625,0,0.0
LP002296,0,1,0,0,1,0,2755.0,0,0,1,0,2755.0,"(15, 30)",270.0,4.174387269895637,0,0,1,0,0,64.99999999999999,23.59346642468239,1.0485985077636617,0,1.0
LP002297,1,1,0,0,1,1,22500.0,0,0,0,1,22500.0,30,360.0,4.634728988229636,0,0,0,1,0,103.00000000000001,4.577777777777778,0.1525925925925926,0,1.0
LP002300,1,0,0,0,1,0,1963.0,0,0,0,1,1963.0,30,360.0,3.970291913552122,0,0,0,1,0,53.00000000000001,26.99949057564952,0.8999830191883172,0,1.0
LP002301,0,0,0,0,1,1,7441.0,0,0,1,0,7441.0,30,360.0,5.267858159063328,0,0,0,1,0,194.00000000000003,26.07176454777584,0.8690588182591946,1,1.0
LP002305,1,0,0,0,1,1,4547.0,0,0,0,1,4547.0,30,360.0,4.74493212836325,0,0,0,1,0,115.00000000000001,25.29140092368595,0.8430466974561983,0,1.0
LP002308,1,1,1,0,2,0,4567.0,1,1,0,0,2283.5,30,360.0,4.74493212836325,0,0,0,1,0,115.00000000000001,25.18064374863149,0.8393547916210496,0,1.0
LP002314,1,0,0,0,1,0,2213.0,0,0,1,0,2213.0,30,360.0,4.189654742026425,0,0,0,1,0,65.99999999999997,29.823768639855388,0.9941256213285129,0,1.0
LP002315,0,1,1,1,3,1,8300.0,0,0,0,1,2766.6666666666665,"(15, 30)",270.0,5.0238805208462765,0,0,1,0,0,152.0,18.313253012048193,0.8139223560910307,0,0.0
LP002317,0,1,1,3,5,1,81000.0,0,0,1,0,16200.0,30,360.0,5.886104031450156,0,0,0,1,0,360.00000000000006,4.4444444444444455,0.14814814814814817,0,0.0
LP002318,0,0,0,1,2,0,3867.0,0,0,0,1,1933.5,30,360.0,4.127134385045092,0,0,0,1,0,62.00000000000001,16.033100594776315,0.5344366864925438,1,1.0
LP002319,1,1,1,0,2,1,6256.0,0,1,0,0,3128.0,30,360.0,5.075173815233827,0,0,0,1,0,159.99999999999994,25.57544757033247,0.8525149190110823,0,1.0
LP002328,0,1,1,0,2,0,6096.0,0,0,1,0,3048.0,30,360.0,5.384495062789089,0,0,0,1,0,217.99999999999997,35.76115485564304,1.1920384951881013,0,0.0
LP002332,1,1,1,0,2,0,4286.0,1,0,1,0,2143.0,30,360.0,4.700480365792417,0,0,0,1,0,110.00000000000004,25.664955669622035,0.8554985223207344,0,1.0
LP002335,0,0,1,0,2,0,5386.0,1,0,0,1,2693.0,30,360.0,5.181783550292085,0,0,0,1,0,177.99999999999997,33.04864463423691,1.1016214878078967,0,0.0
LP002337,1,0,0,0,1,1,2995.0,0,1,0,0,2995.0,30,360.0,4.0943445622221,0,0,0,1,0,59.999999999999986,20.033388981636055,0.6677796327212019,0,1.0
LP002341,0,0,0,1,2,1,2600.0,0,1,0,0,1300.0,30,360.0,5.075173815233827,0,0,0,1,0,159.99999999999994,61.53846153846152,2.0512820512820507,0,1.0
LP002342,0,1,1,2,4,1,21600.0,1,1,0,0,5400.0,30,360.0,5.476463551931511,0,0,0,1,0,239.00000000000009,11.064814814814818,0.3688271604938273,1,1.0
LP002345,1,1,1,0,2,1,3798.0,1,0,1,0,1899.0,30,360.0,4.718498871295094,0,0,0,1,0,111.99999999999996,29.48920484465507,0.9829734948218356,0,1.0
LP002347,1,1,1,0,2,1,4663.0,1,0,0,1,2331.5,30,360.0,4.927253685157205,0,0,0,1,0,138.00000000000006,29.594681535492185,0.9864893845164061,0,1.0
LP002348,1,1,1,0,2,1,5829.0,0,0,1,0,2914.5,30,360.0,4.927253685157205,0,0,0,1,0,138.00000000000006,23.674729799279476,0.7891576599759824,0,1.0
LP002357,0,0,0,0,1,0,2720.0,0,1,0,0,2720.0,30,360.0,4.382026634673881,0,0,0,1,0,79.99999999999997,29.41176470588234,0.9803921568627447,0,0.0
LP002361,1,1,1,0,2,1,3539.0,1,1,0,0,1769.5,30,360.0,4.605170185988092,0,0,0,1,0,100.00000000000004,28.256569652444206,0.9418856550814735,0,1.0
LP002362,0,1,1,1,3,1,8917.0,1,1,0,0,2972.3333333333335,30,360.0,4.700480365792417,0,0,0,1,0,110.00000000000004,12.335987439721885,0.4111995813240628,0,0.0
LP002364,1,1,1,0,2,1,14880.0,0,0,0,1,7440.0,30,360.0,4.564348191467836,0,0,0,1,0,95.99999999999999,6.451612903225805,0.2150537634408602,0,1.0
LP002366,1,1,1,0,2,1,6966.0,1,0,1,0,3483.0,30,360.0,4.795790545596741,0,0,0,1,0,121.00000000000003,17.370083261556132,0.5790027753852045,0,1.0
LP002367,0,0,0,1,2,0,4606.0,0,0,1,0,2303.0,30,360.0,4.394449154672439,0,0,0,1,0,81.00000000000003,17.58575770733826,0.586191923577942,0,1.0
LP002368,1,1,1,2,4,1,5935.0,0,0,0,1,1483.75,30,360.0,4.890349128221754,0,0,0,1,0,133.0,22.40943555181129,0.7469811850603764,0,1.0
LP002369,1,1,1,0,2,1,2936.12000084,1,0,1,0,1468.06000042,30,360.0,4.465908118654584,0,0,0,1,0,87.0,29.630941506174818,0.9876980502058272,0,1.0
LP002370,1,1,0,0,1,0,2717.0,0,1,0,0,2717.0,15,180.0,4.0943445622221,0,1,0,0,0,59.999999999999986,22.083179977916814,1.4722119985277877,0,1.0
LP002377,1,0,0,1,2,1,8624.0,0,0,0,1,4312.0,30,360.0,5.0106352940962555,0,0,0,1,0,149.99999999999997,17.39332096474953,0.5797773654916512,1,1.0
LP002379,0,1,0,0,1,1,6500.0,0,0,1,0,6500.0,30,360.0,4.653960350157523,0,0,0,1,0,104.99999999999997,16.15384615384615,0.5384615384615383,0,0.0
LP002386,1,1,0,0,1,1,12876.0,0,0,0,1,12876.0,30,360.0,6.003887067106539,0,0,0,1,0,404.99999999999983,31.4538676607642,1.0484622553588065,0,1.0
LP002387,1,1,1,0,2,1,4765.0,1,0,0,1,2382.5,30,360.0,4.962844630259907,0,0,0,1,0,142.99999999999994,30.010493179433357,1.0003497726477784,0,1.0
LP002390,1,1,0,0,1,1,3750.0,0,1,0,0,3750.0,30,360.0,4.605170185988092,0,0,0,1,0,100.00000000000004,26.66666666666668,0.8888888888888893,0,1.0
LP002393,1,0,0,0,1,1,10047.0,0,0,0,1,10047.0,"(15, 30)",270.0,5.221133485220784,0,0,1,0,0,185.14392308072343,18.427781733922902,0.8190125215076847,0,1.0
LP002398,1,1,0,0,1,1,3777.0,0,0,0,1,3777.0,30,360.0,3.912023005428146,0,0,0,1,0,49.99999999999999,13.238019592268994,0.44126731974229977,0,1.0
LP002401,1,1,1,0,2,1,3338.0,1,1,0,0,1669.0,30,360.0,4.445119730879268,0,0,0,1,0,85.21007950432468,25.527285651385462,0.8509095217128487,0,1.0
LP002403,0,1,0,0,1,1,10416.0,0,1,0,0,10416.0,30,360.0,5.231108616854587,0,0,0,1,0,187.00000000000003,17.9531490015361,0.5984383000512035,1,0.0
LP002407,1,0,1,0,2,0,7142.0,0,0,1,0,3571.0,30,360.0,4.927253685157205,0,0,0,1,0,138.00000000000006,19.3223186782414,0.6440772892747132,1,1.0
LP002408,1,1,0,0,1,1,8724.0,0,0,0,1,8724.0,30,360.0,5.231108616854587,0,0,0,1,0,187.00000000000003,21.4351215038973,0.71450405012991,0,1.0
LP002409,1,1,1,0,2,1,9734.0,1,0,1,0,4867.0,30,360.0,5.19295685089021,0,0,0,1,0,180.0,18.491884117526197,0.6163961372508733,0,1.0
LP002418,1,1,0,3,4,0,6700.0,0,0,0,1,1675.0,30,360.0,4.997212273764115,0,0,0,1,0,147.99999999999994,22.08955223880596,0.7363184079601989,0,1.0
LP002422,1,1,0,1,2,1,37719.0,0,0,0,1,18859.5,30,360.0,5.0238805208462765,0,0,0,1,0,152.0,4.029799305389856,0.13432664351299523,0,1.0
LP002424,1,1,1,0,2,1,15666.0,1,0,1,0,7833.0,"(15, 30)",270.0,5.1647859739235145,0,0,1,0,0,175.00000000000006,11.17068811438785,0.4964750273061267,0,1.0
LP002429,1,1,1,1,3,1,4676.0,1,0,1,0,1558.6666666666667,30,360.0,4.867534450455582,0,0,0,1,0,129.99999999999997,27.801539777587674,0.9267179925862558,1,1.0
LP002434,1,1,1,2,4,0,4652.0,0,0,1,0,1163.0,30,360.0,4.700480365792417,0,0,0,1,0,110.00000000000004,23.645743766122106,0.7881914588707368,0,1.0
LP002435,0,1,1,0,2,1,4915.0,1,0,1,0,2457.5,30,360.0,4.007333185232471,0,0,0,1,0,55.000000000000014,11.190233977619535,0.37300779925398453,0,1.0
LP002443,0,1,1,2,4,1,5050.0,1,0,1,0,1262.5,30,360.0,5.0106352940962555,0,0,0,1,0,149.99999999999997,29.702970297029697,0.9900990099009899,0,0.0
LP002444,0,1,0,1,2,0,4311.0,0,0,0,1,2155.5,30,360.0,5.247024072160486,0,0,0,1,0,190.0,44.07330085826954,1.4691100286089849,1,1.0
LP002446,0,1,1,2,4,0,3564.0,1,0,1,0,891.0,30,360.0,4.8283137373023015,0,0,0,1,0,125.00000000000004,35.07295173961842,1.1690983913206139,0,0.0
LP002447,1,1,1,2,4,0,3414.0,1,1,0,0,853.5,"(15, 30)",270.0,4.0943445622221,0,0,1,0,0,59.999999999999986,17.574692442882245,0.7810974419058776,0,1.0
LP002448,0,1,1,0,2,1,5681.0,1,0,1,0,2840.5,30,360.0,5.003946305945459,0,0,0,1,0,149.0,26.22777679985918,0.8742592266619728,0,0.0
LP002449,1,1,1,0,2,1,4949.0,1,0,1,0,2474.5,15,180.0,4.499809670330265,0,1,0,0,0,90.0,18.185492018589613,1.2123661345726409,0,0.0
LP002453,1,1,0,0,1,1,7085.0,0,0,0,1,7085.0,30,360.0,4.430816798843313,0,0,0,1,0,83.99999999999999,11.856033874382495,0.3952011291460832,1,1.0
LP002455,1,1,1,2,4,1,3859.0,0,0,0,1,964.75,30,360.0,4.564348191467836,0,0,0,1,0,95.99999999999999,24.876911116869653,0.8292303705623217,0,1.0
LP002459,1,1,1,0,2,1,4301.0,0,1,0,0,2150.5,30,360.0,4.770684624465665,0,0,0,1,0,118.00000000000004,27.435480120902128,0.9145160040300708,0,1.0
LP002467,0,1,1,0,2,1,6277.0,1,1,0,0,3138.5,30,360.0,5.153291594497779,0,0,0,1,0,173.00000000000006,27.560936753226073,0.9186978917742025,0,1.0
LP002472,1,1,0,2,3,1,4354.0,0,0,1,0,1451.3333333333333,30,360.0,4.912654885736052,0,0,0,1,0,136.00000000000006,31.235645383555365,1.0411881794518456,0,1.0
LP002473,0,1,1,0,2,1,8334.0,0,0,0,1,4167.0,30,360.0,5.075173815233827,0,0,0,1,0,159.99999999999994,19.198464122870163,0.6399488040956721,0,1.0
LP002478,1,1,1,0,2,1,6166.0,1,0,0,1,3083.0,30,360.0,5.075173815233827,0,0,0,1,0,159.99999999999994,25.948751216347702,0.8649583738782568,1,1.0
LP002484,1,1,1,3,5,1,7740.0,0,1,0,0,1548.0,15,180.0,4.852030263919617,0,1,0,0,0,127.99999999999997,16.537467700258393,1.102497846683893,0,1.0
LP002487,1,1,1,0,2,1,5203.0,1,0,1,0,2601.5,30,360.0,5.030437921392435,0,0,0,1,0,152.99999999999997,29.40611185854314,0.9802037286181048,0,1.0
LP002489,1,0,0,1,2,0,5191.0,0,0,0,1,2595.5,30,360.0,4.882801922586371,0,0,0,1,0,131.99999999999997,25.428626468888456,0.8476208822962819,0,1.0
LP002493,0,1,0,0,1,1,4166.0,0,0,0,1,4166.0,30,360.0,4.584967478670572,0,0,0,1,0,98.00000000000004,23.523763802208364,0.7841254600736121,0,0.0
LP002494,1,1,0,0,1,1,6000.0,0,0,1,0,6000.0,30,360.0,4.941642422609304,0,0,0,1,0,139.99999999999994,23.333333333333325,0.7777777777777776,0,1.0
LP002500,0,1,1,3,5,0,4611.0,1,1,0,0,922.2,15,180.0,4.248495242049359,0,1,0,0,0,70.00000000000003,15.181088700932559,1.0120725800621704,0,0.0
LP002501,1,1,1,0,2,1,16692.0,0,0,0,1,8346.0,30,360.0,4.700480365792417,0,0,0,1,0,110.00000000000004,6.589983225497247,0.21966610751657487,0,1.0
LP002502,1,0,1,2,4,0,3127.0,1,0,0,1,781.75,30,360.0,4.584967478670572,0,0,0,1,0,98.00000000000004,31.339942436840435,1.0446647478946811,0,1.0
LP002505,0,1,1,0,2,1,6784.0,1,1,0,0,3392.0,30,360.0,4.700480365792417,0,0,0,1,0,110.00000000000004,16.21462264150944,0.540487421383648,0,1.0
LP002515,1,1,1,1,3,1,5529.0,1,0,0,1,1843.0,30,360.0,5.087596335232384,0,0,0,1,0,161.99999999999994,29.30005425935973,0.976668475311991,1,1.0
LP002517,0,1,1,1,3,0,4153.0,1,0,1,0,1384.3333333333333,15,180.0,4.727387818712341,0,1,0,0,0,113.00000000000003,27.2092463279557,1.813949755197047,0,0.0
LP002519,1,1,1,3,5,1,4691.0,0,0,0,1,938.2,30,360.0,4.605170185988092,0,0,0,1,0,100.00000000000004,21.31741632914092,0.7105805443046973,0,1.0
LP002522,1,0,0,0,1,1,2500.0,0,1,0,0,2500.0,30,360.0,4.532599493153256,0,0,0,1,0,93.00000000000003,37.20000000000001,1.2400000000000004,1,1.0
LP002524,1,1,0,2,3,1,10180.0,0,0,1,0,3393.3333333333335,30,360.0,5.087596335232384,0,0,0,1,0,161.99999999999994,15.913555992141449,0.530451866404715,0,1.0
LP002527,1,1,1,2,4,1,17539.0,1,0,1,0,4384.75,30,360.0,5.0106352940962555,0,0,0,1,0,149.99999999999997,8.55236900621472,0.285078966873824,1,1.0
LP002529,1,1,1,2,4,1,8450.0,1,0,0,1,2112.5,"(15, 30)",270.0,5.438079308923196,0,0,1,0,0,230.00000000000006,27.21893491124261,1.2097304404996716,0,1.0
LP002530,0,1,1,2,4,1,4745.0,1,0,0,1,1186.25,30,360.0,4.882801922586371,0,0,0,1,0,131.99999999999997,27.818756585879868,0.9272918861959956,0,0.0
LP002531,1,1,1,1,3,1,18917.0,1,0,0,1,6305.666666666667,30,360.0,4.454347296253507,0,0,0,1,0,85.99999999999997,4.546175397790345,0.15153917992634486,1,1.0
LP002533,0,1,1,2,4,1,4550.0,1,1,0,0,1137.5,30,360.0,4.733146649468754,0,0,0,1,0,113.65262525101387,24.978598956266787,0.8326199652088929,0,1.0
LP002534,1,0,0,0,1,0,4350.0,0,0,1,0,4350.0,30,360.0,5.0369526024136295,0,0,0,1,0,154.00000000000006,35.402298850574724,1.180076628352491,0,1.0
LP002536,1,1,1,3,5,0,3095.0,0,0,1,0,619.0,30,360.0,4.727387818712341,0,0,0,1,0,113.00000000000003,36.510500807754454,1.2170166935918152,0,1.0
LP002537,1,1,1,0,2,1,5233.0,1,0,0,1,2616.5,30,360.0,4.852030263919617,0,0,0,1,0,127.99999999999997,24.46015669787884,0.8153385565959614,0,1.0
LP002541,1,1,1,0,2,1,10833.0,0,0,0,1,5416.5,30,360.0,5.455321115357702,0,0,0,1,0,234.00000000000006,21.600664635834953,0.7200221545278318,0,1.0
LP002543,1,1,1,2,4,1,8333.0,0,0,0,1,2083.25,30,360.0,5.5053315359323625,0,0,0,1,0,245.99999999999991,29.52118084723388,0.9840393615744628,0,1.0
LP002544,1,1,1,1,3,0,4394.0,1,0,1,0,1464.6666666666667,30,360.0,4.875197323201151,0,0,0,1,0,130.99999999999994,29.813381884387788,0.9937793961462597,0,1.0
LP002545,0,1,0,2,3,1,3547.0,0,0,1,0,1182.3333333333333,30,360.0,4.382026634673881,0,0,0,1,0,79.99999999999997,22.554271215111353,0.7518090405037118,0,0.0
LP002547,0,1,1,1,3,1,18333.0,0,1,0,0,6111.0,30,360.0,6.214608098422191,0,0,0,1,0,499.99999999999983,27.2732231495118,0.90910743831706,0,1.0
LP002555,1,1,1,2,4,1,6666.0,1,0,0,1,1666.5,30,360.0,5.075173815233827,0,0,0,1,0,159.99999999999994,24.002400240023995,0.8000800080007998,1,1.0
LP002556,0,1,0,0,1,1,2435.0,0,1,0,0,2435.0,30,360.0,4.31748811353631,0,0,0,1,0,74.99999999999997,30.800821355236128,1.0266940451745377,0,1.0
LP002560,1,1,0,0,1,0,5484.0,0,0,0,1,5484.0,30,360.0,4.564348191467836,0,0,0,1,0,95.99999999999999,17.505470459518598,0.5835156819839532,0,1.0
LP002562,1,1,1,1,3,0,6464.0,1,1,0,0,2154.6666666666665,30,360.0,5.225746673713202,0,0,0,1,0,186.00000000000009,28.77475247524754,0.9591584158415845,0,1.0
LP002571,1,1,0,0,1,0,3691.0,0,0,1,0,3691.0,30,360.0,4.700480365792417,0,0,0,1,0,110.00000000000004,29.80222162015715,0.9934073873385716,0,1.0
LP002582,1,0,0,0,1,0,17263.0,0,0,0,1,17263.0,30,360.0,5.41610040220442,0,0,0,1,0,225.0,13.033655795632278,0.43445519318774256,1,1.0
LP002585,0,1,1,0,2,1,5754.0,1,0,1,0,2877.0,30,360.0,4.77912349311153,0,0,0,1,0,119.00000000000003,20.681265206812657,0.6893755068937553,0,0.0
LP002586,1,0,1,1,3,1,4239.0,1,0,0,1,1413.0,<15,90.0,4.653960350157523,1,0,0,0,0,104.99999999999997,24.769992922859156,3.302665723047888,0,1.0
LP002587,1,1,1,0,2,0,4300.0,1,0,1,0,2150.0,30,360.0,4.672828834461906,0,0,0,1,0,106.99999999999996,24.88372093023255,0.829457364341085,0,1.0
LP002588,1,1,1,0,2,1,7482.0,1,1,0,0,3741.0,<15,90.0,4.709530201312334,1,0,0,0,0,110.99999999999997,14.835605453087405,1.9780807270783207,0,1.0
LP002600,1,1,1,1,3,1,2895.0,0,0,0,1,965.0,30,360.0,4.553876891600541,0,0,0,1,0,95.0,32.81519861830743,1.093839953943581,1,1.0
LP002602,0,1,0,0,1,1,10699.0,0,0,1,0,10699.0,30,360.0,5.342334251964811,0,0,0,1,0,208.99999999999997,19.534535937938124,0.6511511979312707,0,0.0
LP002603,1,0,0,0,1,1,4328.0,0,0,1,0,4328.0,>30,480.0,4.727387818712341,0,0,0,0,1,113.00000000000003,26.109057301293905,0.6527264325323476,0,1.0
LP002606,1,0,0,0,1,1,3159.0,0,0,0,1,3159.0,30,360.0,4.605170185988092,0,0,0,1,0,100.00000000000004,31.65558721114278,1.055186240371426,0,1.0
LP002615,1,1,1,2,4,1,10489.0,1,0,0,1,2622.25,30,360.0,5.337538079701318,0,0,0,1,0,207.99999999999997,19.830298407855846,0.6610099469285282,0,1.0
LP002618,0,1,1,1,3,0,9352.0,1,0,1,0,3117.3333333333335,30,360.0,4.927253685157205,0,0,0,1,0,138.00000000000006,14.75620188195039,0.491873396065013,0,1.0
LP002619,1,1,1,0,2,0,5297.0,1,0,0,1,2648.5,"(15, 30)",270.0,4.820281565605037,0,0,1,0,0,124.00000000000003,23.409477062488207,1.0404212027772535,0,1.0
LP002622,1,1,1,2,4,1,7926.0,1,0,1,0,1981.5,30,360.0,5.493061443340548,0,0,0,1,0,242.99999999999994,30.65859197577592,1.0219530658591973,0,1.0
LP002624,1,1,1,0,2,1,27500.0,1,1,0,0,13750.0,30,360.0,6.173786103901937,0,0,0,1,0,480.0,17.454545454545453,0.5818181818181818,0,1.0
LP002625,0,1,0,0,1,1,3583.0,0,1,0,0,3583.0,30,360.0,4.564348191467836,0,0,0,1,0,95.99999999999999,26.793190064192014,0.8931063354730672,0,1.0
LP002626,1,1,1,0,2,1,5492.0,1,1,0,0,2746.0,30,360.0,5.236441962829949,0,0,0,1,0,188.0,34.23160961398398,1.1410536537994658,1,1.0
LP002634,1,0,0,1,2,1,13262.0,0,1,0,0,6631.0,30,360.0,3.6888794541139363,0,0,0,1,0,40.0,3.0161363293620873,0.10053787764540292,0,1.0
LP002637,0,1,0,0,1,0,4885.0,0,0,1,0,4885.0,30,360.0,4.605170185988092,0,0,0,1,0,100.00000000000004,20.470829068577288,0.6823609689525763,0,1.0
LP002640,1,1,1,1,3,1,8069.0,1,0,0,1,2689.6666666666665,30,360.0,5.521460917862246,0,0,0,1,0,249.9999999999999,30.98277357789068,1.0327591192630226,0,1.0
LP002643,1,1,1,2,4,1,5318.0,1,1,0,0,1329.5,30,360.0,4.997212273764115,0,0,0,1,0,147.99999999999994,27.830011282436995,0.9276670427479,0,1.0
LP002648,0,1,1,0,2,1,8796.0,1,0,0,1,4398.0,15,180.0,4.248495242049359,0,1,0,0,0,70.00000000000003,7.95816280127331,0.5305441867515539,0,1.0
LP002652,0,1,0,0,1,1,9481.0,0,0,1,0,9481.0,30,360.0,5.739792912179234,0,0,0,1,0,310.99999999999994,32.802446999261676,1.0934148999753892,0,1.0
LP002659,1,1,1,3,5,1,6894.0,1,0,1,0,1378.8,30,360.0,5.0106352940962555,0,0,0,1,0,149.99999999999997,21.758050478677106,0.7252683492892369,0,1.0
LP002670,1,0,1,2,4,1,3663.0,1,0,0,1,915.75,>30,480.0,4.727387818712341,0,0,0,0,1,113.00000000000003,30.849030849030857,0.7712257712257713,0,1.0
LP002682,0,1,1,1,3,0,4874.0,1,0,0,1,1624.6666666666667,30,360.0,4.812184355372417,0,0,0,1,0,122.99999999999994,25.235945835043072,0.8411981945014358,0,0.0
LP002683,0,1,0,0,1,1,6598.0,0,0,0,1,6598.0,30,360.0,5.220355825078324,0,0,0,1,0,184.99999999999991,28.038799636253398,0.93462665454178,0,1.0
LP002684,0,0,0,0,1,0,3400.0,0,0,1,0,3400.0,30,360.0,4.553876891600541,0,0,0,1,0,95.0,27.941176470588236,0.931372549019608,0,1.0
LP002689,1,1,1,2,4,0,3934.0,1,0,0,1,983.5,30,360.0,3.8066624897703196,0,0,0,1,0,44.99999999999999,11.438739196746312,0.3812913065582104,0,1.0
LP002690,1,1,0,0,1,1,2500.0,0,0,0,1,2500.0,30,360.0,4.007333185232471,0,0,0,1,0,55.000000000000014,22.000000000000007,0.7333333333333336,0,1.0
LP002692,1,1,1,3,5,1,7101.0,1,0,1,0,1420.2,30,360.0,4.605170185988092,0,0,0,1,0,100.00000000000004,14.082523588227016,0.46941745294090054,1,1.0
LP002693,1,1,1,2,4,1,15114.0,1,0,1,0,3778.5,30,360.0,6.173786103901937,0,0,0,1,0,480.0,31.758634378721716,1.0586211459573904,1,1.0
LP002697,0,1,0,0,1,1,6767.0,0,0,0,1,6767.0,30,360.0,4.912104311963047,0,0,0,1,0,135.92514257602943,20.086470012713082,0.6695490004237695,0,1.0
LP002699,1,1,1,2,4,1,17500.0,0,0,1,0,4375.0,30,360.0,5.991464547107982,0,0,0,1,0,399.9999999999999,22.85714285714285,0.7619047619047618,1,1.0
LP002705,1,1,1,0,2,1,3775.0,0,0,0,1,1887.5,30,360.0,4.700480365792417,0,0,0,1,0,110.00000000000004,29.13907284768213,0.9713024282560709,0,1.0
LP002706,1,1,1,1,3,0,6715.0,1,0,0,1,2238.3333333333335,30,360.0,5.081404364984463,0,0,0,1,0,161.00000000000003,23.976172747580048,0.7992057582526684,0,0.0
LP002714,1,1,0,1,2,0,3981.0,0,0,0,1,1990.5,30,360.0,4.543294782270004,0,0,0,1,0,94.0,23.61215774930922,0.7870719249769739,0,1.0
LP002716,1,1,0,0,1,0,6783.0,0,0,0,1,6783.0,30,360.0,4.867534450455582,0,0,0,1,0,129.99999999999997,19.165560961226593,0.6388520320408864,0,1.0
LP002717,1,1,1,0,2,1,6525.0,1,0,1,0,3262.5,30,360.0,5.375278407684165,0,0,0,1,0,216.00000000000006,33.10344827586208,1.1034482758620692,0,1.0
LP002720,1,1,1,3,5,1,4281.0,0,1,0,0,856.2,30,360.0,4.605170185988092,0,0,0,1,0,100.00000000000004,23.35902826442421,0.778634275480807,0,1.0
LP002723,0,1,0,2,3,1,3588.0,0,0,1,0,1196.0,30,360.0,4.700480365792417,0,0,0,1,0,110.00000000000004,30.657748049052408,1.0219249349684136,0,0.0
LP002729,0,1,0,1,2,1,11250.0,0,0,0,1,5625.0,30,360.0,5.278114659230517,0,0,0,1,0,195.99999999999991,17.422222222222214,0.5807407407407404,0,1.0
LP002731,1,0,0,0,1,0,18165.0,0,1,0,0,18165.0,30,360.0,4.8283137373023015,0,0,0,1,0,125.00000000000004,6.881365262868155,0.22937884209560516,1,1.0
LP002732,1,1,0,0,1,0,4592.0,0,0,1,0,4592.0,30,360.0,4.836281906951478,0,0,0,1,0,126.0,27.4390243902439,0.9146341463414634,0,1.0
LP002734,1,1,1,0,2,1,10039.0,1,1,0,0,5019.5,30,360.0,5.780743515792329,0,0,0,1,0,323.9999999999999,32.27413088953082,1.0758043629843606,0,1.0
LP002738,1,1,0,2,3,1,3617.0,0,0,0,1,1205.6666666666667,30,360.0,4.672828834461906,0,0,0,1,0,106.99999999999996,29.582526956040905,0.9860842318680302,0,1.0
LP002739,0,1,1,0,2,0,3453.0,1,0,1,0,1726.5,30,360.0,4.189654742026425,0,0,0,1,0,65.99999999999997,19.113814074717627,0.637127135823921,0,1.0
LP002740,1,1,1,3,5,1,6417.0,0,0,1,0,1283.4,15,180.0,5.056245805348308,0,1,0,0,0,156.99999999999994,24.46626149290945,1.6310840995272968,0,1.0
LP002741,1,0,1,1,3,1,7453.0,1,0,0,1,2484.3333333333335,15,180.0,4.941642422609304,0,1,0,0,0,139.99999999999994,18.78438212800214,1.2522921418668094,0,1.0
LP002743,0,0,0,0,1,1,2138.0,0,0,0,1,2138.0,30,360.0,4.59511985013459,0,0,0,1,0,98.99999999999999,46.304957904583716,1.543498596819457,0,0.0
LP002753,1,0,0,1,2,1,3652.0,0,0,0,1,1826.0,30,360.0,4.553876891600541,0,0,0,1,0,95.0,26.013143483023,0.8671047827674334,0,1.0
LP002755,1,1,1,1,3,0,4763.0,1,1,0,0,1587.6666666666667,30,360.0,4.852030263919617,0,0,0,1,0,127.99999999999997,26.87381902162502,0.8957939673875007,0,1.0
LP002757,1,0,1,0,2,0,3680.0,1,0,0,1,1840.0,30,360.0,4.624972813284271,0,0,0,1,0,101.99999999999996,27.717391304347814,0.9239130434782604,0,1.0
LP002767,1,1,1,0,2,1,4718.0,1,0,1,0,2359.0,30,360.0,5.043425116919247,0,0,0,1,0,155.00000000000003,32.85290377278508,1.0950967924261696,0,1.0
LP002768,0,1,0,0,1,0,3358.0,0,0,0,1,3358.0,<15,90.0,4.382026634673881,1,0,0,0,0,79.99999999999997,23.823704586063123,3.1764939448084166,0,1.0
LP002772,1,1,0,0,1,1,4309.0,0,0,1,0,4309.0,30,360.0,4.976733742420574,0,0,0,1,0,144.99999999999997,33.650498955674166,1.121683298522472,0,1.0
LP002776,0,0,0,0,1,1,5000.0,0,0,0,1,5000.0,30,360.0,4.634728988229636,0,0,0,1,0,103.00000000000001,20.6,0.6866666666666668,0,0.0
LP002777,1,1,1,0,2,1,4801.0,1,0,1,0,2400.5,30,360.0,4.700480365792417,0,0,0,1,0,110.00000000000004,22.911893355550937,0.7637297785183644,0,1.0
LP002778,0,1,1,2,4,1,6633.0,0,0,1,0,1658.25,30,360.0,4.902284942491357,0,0,0,1,0,134.59697493678001,20.292020946295796,0.6764006982098599,1,0.0
LP002784,1,1,1,1,3,0,4867.0,1,0,1,0,1622.3333333333333,30,360.0,4.778068790949093,0,0,0,1,0,118.87455660700758,24.42460583665658,0.8141535278885527,0,1.0
LP002785,1,1,1,1,3,1,6583.0,1,1,0,0,2194.3333333333335,30,360.0,5.062595033026967,0,0,0,1,0,158.00000000000003,24.00121525140514,0.8000405083801714,0,1.0
LP002788,0,1,1,0,2,0,4787.0,1,1,0,0,2393.5,30,360.0,5.198497031265826,0,0,0,1,0,181.00000000000006,37.81073741382913,1.2603579137943046,0,0.0
LP002789,0,1,1,0,2,1,7859.0,1,0,1,0,3929.5,15,180.0,4.882801922586371,0,1,0,0,0,131.99999999999997,16.796030029265808,1.119735335284387,0,0.0
LP002792,1,1,1,1,3,1,6500.0,1,0,0,1,2166.6666666666665,30,360.0,3.258096538021482,0,0,0,1,0,26.000000000000004,4.000000000000001,0.13333333333333333,0,1.0
LP002794,1,0,0,0,1,1,4292.0,0,1,0,0,4292.0,30,360.0,4.430816798843313,0,0,0,1,0,83.99999999999999,19.571295433364394,0.6523765144454798,0,1.0
LP002795,1,1,1,3,5,1,10139.0,0,0,0,1,2027.8,30,360.0,5.560681631015528,0,0,0,1,0,259.99999999999994,25.643554591182557,0.8547851530394185,1,1.0
LP002798,1,1,1,0,2,1,6556.0,1,0,0,1,3278.0,30,360.0,5.087596335232384,0,0,0,1,0,161.99999999999994,24.710189139719333,0.8236729713239778,0,1.0
LP002804,1,0,1,0,2,1,6486.0,1,0,0,1,3243.0,30,360.0,5.204006687076795,0,0,0,1,0,181.99999999999997,28.06043786617329,0.9353479288724431,0,1.0
LP002807,1,1,1,2,4,0,3917.0,1,0,0,1,979.25,30,360.0,4.68213122712422,0,0,0,1,0,108.00000000000003,27.57212152157264,0.9190707173857546,0,1.0
LP002813,1,0,1,1,3,1,19484.0,0,0,0,1,6494.666666666667,30,360.0,6.396929655216146,0,0,0,1,0,600.0,30.794498049681792,1.0264832683227263,1,1.0
LP002820,1,1,1,0,2,1,7977.0,1,0,1,0,3988.5,30,360.0,5.351858133476067,0,0,0,1,0,211.00000000000003,26.451046759433375,0.8817015586477791,0,1.0
LP002821,1,1,0,0,1,0,5800.0,0,0,0,1,5800.0,30,360.0,4.882801922586371,0,0,0,1,0,131.99999999999997,22.758620689655167,0.7586206896551723,1,1.0
LP002832,0,1,1,2,4,1,8799.0,0,1,0,0,2199.75,30,360.0,5.552959584921617,0,0,0,1,0,258.0,29.321513808387316,0.9773837936129106,0,0.0
LP002833,1,1,1,0,2,0,4467.0,0,0,1,0,2233.5,30,360.0,4.787491742782046,0,0,0,1,0,119.99999999999997,26.863666890530553,0.895455563017685,0,1.0
LP002836,1,1,0,0,1,1,3333.0,0,1,0,0,3333.0,30,360.0,4.248495242049359,0,0,0,1,0,70.00000000000003,21.002100210021013,0.7000700070007002,0,1.0
LP002837,0,1,1,3,5,1,5900.0,1,0,1,0,1180.0,30,360.0,4.812184355372417,0,0,0,1,0,122.99999999999994,20.847457627118633,0.6949152542372878,0,0.0
LP002840,0,0,0,0,1,1,2378.0,0,1,0,0,2378.0,30,360.0,2.1972245773362196,0,0,0,1,0,9.000000000000002,3.784693019343987,0.12615643397813292,0,1.0
LP002841,0,1,1,0,2,1,5230.0,1,1,0,0,2615.0,30,360.0,4.6443908991413725,0,0,0,1,0,103.99999999999999,19.885277246653917,0.6628425748884639,0,0.0
LP002842,1,1,1,1,3,1,5167.0,1,1,0,0,1722.3333333333333,30,360.0,5.225746673713202,0,0,0,1,0,186.00000000000009,35.9976775691891,1.1999225856396365,0,1.0
LP002847,0,1,1,1,3,1,6567.0,1,1,0,0,2189.0,30,360.0,5.10594547390058,0,0,0,1,0,164.99999999999994,25.12562814070351,0.8375209380234503,0,0.0
LP002855,1,1,1,2,4,1,16666.0,0,1,0,0,4166.5,30,360.0,5.616771097666572,0,0,0,1,0,275.0000000000001,16.500660026401064,0.5500220008800355,0,1.0
LP002862,0,1,1,2,4,0,7750.0,1,0,0,1,1937.5,>30,480.0,5.231108616854587,0,0,0,0,1,187.00000000000003,24.12903225806452,0.603225806451613,0,1.0
LP002863,0,1,1,3,5,1,6406.0,0,0,0,1,1281.2,30,360.0,5.0106352940962555,0,0,0,1,0,149.99999999999997,23.415547923821414,0.7805182641273805,0,1.0
LP002868,1,1,1,2,4,1,3620.0,1,1,0,0,905.0,<15,90.0,4.68213122712422,1,0,0,0,0,108.00000000000003,29.834254143646415,3.977900552486189,0,1.0
LP002872,0,1,1,0,2,1,5297.0,1,0,0,1,2648.5,30,360.0,4.912654885736052,0,0,0,1,0,136.00000000000006,25.674910326599974,0.8558303442199992,0,0.0
LP002874,1,1,0,0,1,1,5968.0,0,1,0,0,5968.0,30,360.0,4.700480365792417,0,0,0,1,0,110.00000000000004,18.431635388739952,0.6143878462913317,0,1.0
LP002877,1,1,1,1,3,1,4014.0,1,0,1,0,1338.0,30,360.0,4.672828834461906,0,0,0,1,0,106.99999999999996,26.65670154459391,0.8885567181531303,0,1.0
LP002888,1,1,0,0,1,1,6099.0,0,1,0,0,6099.0,30,360.0,5.081404364984463,0,0,0,1,0,161.00000000000003,26.397770126250208,0.8799256708750071,0,1.0
LP002892,1,1,1,2,4,1,6540.0,0,0,0,1,1635.0,30,360.0,5.3230099791384085,0,0,0,1,0,205.00000000000006,31.345565749235483,1.0448521916411826,0,1.0
LP002893,0,1,0,0,1,1,35673.0,0,1,0,0,35673.0,30,360.0,4.499809670330265,0,0,0,1,0,90.0,2.5229164914641324,0.08409721638213775,0,1.0
LP002894,1,0,1,0,2,1,3166.0,0,0,0,1,1583.0,30,360.0,3.58351893845611,0,0,0,1,0,36.0,11.37081490840177,0.3790271636133923,0,1.0
LP002898,0,1,1,1,3,1,1880.0,0,0,1,0,626.6666666666666,30,360.0,4.110873864173311,0,0,0,1,0,61.00000000000001,32.4468085106383,1.0815602836879434,0,1.0
LP002911,0,1,1,1,3,1,4704.0,1,0,1,0,1568.0,30,360.0,4.983606621708336,0,0,0,1,0,146.0,31.037414965986393,1.034580498866213,0,0.0
LP002912,0,1,1,1,3,1,7283.0,1,0,1,0,2427.6666666666665,<15,90.0,5.147494476813453,1,0,0,0,0,171.99999999999994,23.616641493889873,3.1488855325186496,0,1.0
LP002916,1,1,1,0,2,1,3819.0,1,1,0,0,1909.5,30,360.0,4.6443908991413725,0,0,0,1,0,103.99999999999999,27.232259753862262,0.9077419917954087,0,1.0
LP002917,1,0,0,0,1,0,2165.0,0,0,0,1,2165.0,30,360.0,4.248495242049359,0,0,0,1,0,70.00000000000003,32.332563510392625,1.0777521170130873,0,1.0
LP002925,1,1,0,0,1,1,4750.0,0,0,0,1,4750.0,30,360.0,4.543294782270004,0,0,0,1,0,94.0,19.789473684210527,0.6596491228070175,0,1.0
LP002926,0,1,1,2,4,1,2726.0,0,0,0,1,681.5,30,360.0,4.663439094112067,0,0,0,1,0,105.99999999999997,38.88481291269258,1.2961604304230858,1,0.0
LP002928,1,1,1,0,2,1,6416.0,1,0,0,1,3208.0,15,180.0,4.02535169073515,0,1,0,0,0,56.00000000000002,8.728179551122198,0.5818786367414799,0,1.0
LP002931,0,1,1,2,4,1,6000.0,0,0,0,1,1500.0,"(15, 30)",270.0,5.3230099791384085,0,0,1,0,0,205.00000000000006,34.16666666666668,1.5185185185185188,1,1.0
LP002933,1,1,0,3,4,1,9357.0,0,0,0,1,2339.25,30,360.0,5.676753802268282,0,0,0,1,0,292.0,31.206583306615368,1.0402194435538454,1,1.0
LP002936,1,1,1,0,2,1,7159.0,1,0,1,0,3579.5,15,180.0,4.955827057601261,0,1,0,0,0,142.00000000000003,19.835172510127116,1.3223448340084742,0,1.0
LP002938,1,1,1,0,2,1,16120.0,0,1,0,0,8060.0,30,360.0,5.560681631015528,0,0,0,1,0,259.99999999999994,16.129032258064512,0.5376344086021504,1,1.0
LP002940,1,1,0,0,1,0,3833.0,0,0,1,0,3833.0,30,360.0,4.700480365792417,0,0,0,1,0,110.00000000000004,28.69814766501436,0.9566049221671453,0,1.0
LP002941,0,1,1,2,4,0,7383.0,1,0,1,0,1845.75,30,360.0,5.231108616854587,0,0,0,1,0,187.00000000000003,25.32845726669376,0.844281908889792,1,1.0
LP002943,0,1,0,0,1,1,2987.0,0,0,0,1,2987.0,30,360.0,4.477336814478207,0,0,0,1,0,88.00000000000003,29.46099765651156,0.9820332552170519,0,0.0
LP002945,1,1,1,0,2,1,9963.0,0,0,1,0,4981.5,30,360.0,5.19295685089021,0,0,0,1,0,180.0,18.066847335140018,0.6022282445046673,1,1.0
LP002948,1,1,1,2,4,1,5780.0,0,1,0,0,1445.0,30,360.0,5.2574953720277815,0,0,0,1,0,192.0,33.21799307958477,1.1072664359861593,0,1.0
LP002949,0,0,0,3,4,1,42083.0,0,1,0,0,10520.75,15,180.0,5.857933154483459,0,1,0,0,0,349.9999999999999,8.316897559584628,0.5544598373056419,0,1.0
LP002950,1,1,1,0,2,0,5686.0,1,0,1,0,2843.0,30,360.0,5.043425116919247,0,0,0,1,0,155.00000000000003,27.259936686598667,0.9086645562199557,0,1.0
LP002953,1,1,1,3,5,1,5703.0,0,1,0,0,1140.6,30,360.0,4.852030263919617,0,0,0,1,0,127.99999999999997,22.444327546905132,0.7481442515635045,0,1.0
LP002958,1,1,0,0,1,1,7977.0,0,0,1,0,7977.0,30,360.0,5.147494476813453,0,0,0,1,0,171.99999999999994,21.561990723329565,0.7187330241109855,0,1.0
LP002959,1,0,1,1,3,1,12000.0,0,0,0,1,4000.0,30,360.0,6.206575926724928,0,0,0,1,0,496.00000000000017,41.33333333333335,1.3777777777777782,0,1.0
LP002960,0,1,1,0,2,0,6200.0,1,1,0,0,3100.0,15,180.0,4.921889877087572,0,1,0,0,0,137.2617761019592,22.13899614547729,1.4759330763651528,0,1.0
LP002961,1,1,1,1,3,1,5900.0,1,0,0,1,1966.6666666666667,30,360.0,5.153291594497779,0,0,0,1,0,173.00000000000006,29.322033898305094,0.9774011299435031,0,1.0
LP002964,1,1,1,2,4,0,5398.0,1,0,1,0,1349.5,30,360.0,5.056245805348308,0,0,0,1,0,156.99999999999994,29.084846239347897,0.96949487464493,0,1.0
LP002974,1,1,1,0,2,1,5182.0,1,0,1,0,2591.0,30,360.0,4.68213122712422,0,0,0,1,0,108.00000000000003,20.84137398687766,0.6947124662292553,0,1.0
LP002978,1,0,0,0,1,1,2900.0,0,0,1,0,2900.0,30,360.0,4.2626798770413155,0,0,0,1,0,71.0,24.482758620689655,0.8160919540229886,0,1.0
LP002979,1,1,1,3,5,1,4106.0,0,0,1,0,821.2,15,180.0,3.6888794541139363,0,1,0,0,0,40.0,9.74184120798831,0.6494560805325541,0,1.0
LP002983,1,1,1,1,3,1,8312.0,1,1,0,0,2770.6666666666665,30,360.0,5.53338948872752,0,0,0,1,0,253.00000000000003,30.43792107795958,1.0145973692653192,0,1.0
LP002984,1,1,1,2,4,1,7583.0,0,1,0,0,1895.75,30,360.0,5.231108616854587,0,0,0,1,0,187.00000000000003,24.660424634049853,0.8220141544683285,0,1.0
LP002990,0,0,0,0,1,1,4583.0,0,0,0,1,4583.0,30,360.0,4.890349128221754,0,0,0,1,0,133.0,29.02029238490072,0.9673430794966908,1,0.0
